单词,中文
oh,excl.哦，啊
e-dog,n.电子狗
master,n.主人；大师
grade,n.年级
student,n.学生
reading,n.阅读
classmate,n.同班同学
after school,放学后
slim,adj.苗条的
be good at,擅长于
over,adv.穿过
classroom,n. 教室
dancing,n.跳舞，舞蹈
swimming,n.游泳
age,n.年龄
looks,n.相貌，容貌
cute,adj.可爱的；讨人喜欢的
hobby,n.业余爱好
glad,adj.高兴的
everyone,pron.每人，人人
come from,来自
glasses,n.〔复〕眼镜
walking,n.散步，步行
really,(表兴趣或惊讶)的确,确实
bowl,n.碗，盆
time,n.次，回
tennis,n.网球
volleyball,n.排球
enjoy,享受…的乐趣；欣赏；喜爱
go swimming,去游泳
player,n.运动员
member,n.成员
club,n.俱乐部
free,adj.空闲的
hope,vt.希望
dream,n.梦想；梦
TRUE,adj.真的，真实的
come true,变为现实，成为事实
drawing,n.画画
weekend,n.周末
at/on weekends,在周末
of course,当然
shop,v.购物
table tennis,n.乒乓球
else,adv.另外；其他
lot,n.许多，好些
a lot of,许多；大量
fun,n.享乐，乐趣；有趣的事
team,n.队；组
talk about/of,谈论
match,n.比赛，竞赛
hero,n.偶像；英雄
which,pron.哪一个
best,(well的最高级)最,最好地
so,conj.因此，所以
biology,n.生物
geography,n.地理
history,n.历史
date,n.日期
meeting,n.会议；集会
o'clock,点钟
OK,adv.好，对；不错
gate,n.大门
so,conj.因此，所以
show,vt. 引，带，领
around,adv.到处，向各处
show sb around,领某人参观
front,n.前面
in front of,在…前面
building,n.建筑物，房子，楼房
ground,n.地，地面
ground floor,<英>底层,一楼
bright,adj.明亮的
modern,adj.现代的；新式的
hall,n.礼堂，大厅
diary,n.日记
look at,看一看
wall,n.墙
let me see,让我想想
after class,下课后
parden,什么，请再说一遍
phone,（=telephone） n.电话
on the phone,通电话
from ... To ...,从...到...
take,v.需要…时间，费时
get up,起床
go to school,去上学
a.m.,午夜至正午，上午，午前
p.m.,abbr.下午，午后
reading room,n.阅览室
only,adv.只，只有，仅
sure,adv.（口）当然
kind,n.种类
all kind of,各种各样的
borrow,vt.借，借用
borrow ... From ...,向...借...
letter,n.信，函
few,不多（的），少数（的）
a few,一些，少量
away,adv.离开，远离
far away from,远离
on foot,走路，步行
best,(well的最高级)最，最好地
all the best,一切顺利，万事如意
wake,vi.&vt.醒，醒来；唤醒
wake up,醒来
shall,表示提出或征求建议
hill,n.小山
seldom,adv.很少，不常
out,adv.出来，向外，外出
go out,出去
have breakfast,吃早饭
need,vt.需要
rest,n.休息，歇息
just,adv. 只是
have fun,玩得高兴
have lessons,上课
after-school,adj.课外的，课后的
activity,n.活动
homework,n.家庭作业
go to bed,去睡觉
usually,adv.通常，经常
never,adv.从不，绝不
be late for,迟到
start,vt.&vi.开始，着手
quarter,n.一刻钟
past,prep.晚于
in the morning,在上午
first,adv.首先
chat,vi.聊天，闲聊
each,pron.每人，每个，每件
other,pron.另外，其他
each other,互相，彼此
practise,vi.&vt.<英>练习;训练
have a good time,过得愉快，玩得高兴
wish,n.希望，祝愿
would,(表示客气)愿意,要,打算
would like,(='d like) 想，愿意
life,n.生活；生命
roller skating,n.溜旱冰
wish,n.希望，祝愿
luck,n.好运，幸运
museum,n.博物馆
twice,adv.两次
picnic,n.野餐
once,adv.一次
dislike,n.不喜爱，厌恶
reason,n.原因，理由
ready,adj.准备好，准备完毕
get ready for sth,为…准备好
learn,vt.&vi.学，学习，学会
world,n.世界
celebrate,vi.&vt.庆祝，庆贺
guess,n.猜，猜测
dress,vi.&vt.穿着，穿衣
dress up,装扮，乔装打扮
as,prep.作为，当做
ghost,n.鬼，鬼魂
Christmas,n.圣诞节
festival,n.节日
because,conj.因为
present,n.礼物
together,adv.在一起，共同
get together,聚会，联欢
moon cake,n.月饼
full,adj.圆的；满的
USA,abbr.美国
mask,n.面具，面罩
paint,vt.用颜料涂
pumpkin,n.南瓜
lantern,n.灯笼，提灯
inside,adv.在（或向）里面
knock,vi.敲，击
knock on the door,敲门
shout,vt&vi大声说，叫，嚷
trick or treat,不招待，就使坏
if,conj.如果
treat,n.招待
trick,n.诡计，把戏
special,adj.特殊的，特别的
question,n.问题
dumpling,n.汤团，饺子
rice dumpling,n.粽子
grandparent,n.祖父（母）
other,adj.另外，其他
thing,n.东西，物品
lion,n.狮子
lion dance,n.狮子舞
firework,n.烟火，烟花
find out,发现
more,det.& pron.更多（的）
radio,无线电广播(节目);收音机
take photos,拍照
at night,在夜里
show,n.演出，秀
seem,好像，似乎，看来
different,adj.不同的
around,prep.围绕，在…周围
important,adj.重要的
most,det.&pron.大多数，大部分
off,adv.离开，脱离
let off,使（炸弹等）爆炸
packet,n.小包；（一）包
red pocket,红包
lifestyle,n.生活方式
noon,n.正午
hamburger,n.汉堡包
keep,vt.保持
lemon,n.柠檬
watermelon,n.西瓜
chocolate,n.巧克力
beef,n.牛肉
carrot,n.胡萝卜
pork,n.猪肉
sweet,n.〈英〉糖果；甜点
meat,n.（猪、牛、羊等的）肉
snack,n.小吃，零食
healthy,健康
fit,adj.健康的
keep fit,保持健康
meal,n.一餐（饭）
pear,n.梨
sugar,n.食糖；糖
tooth,n.（pl.teeth)牙齿
computer game,n.电脑游戏
cola,n.可乐饮料
change,vt.& vi.改变，变化
plan,vt.打算，计划
pool,n.水池，水塘
swimming pool,n.游泳池
piece,n.一块（片，张，件...）
a piece of,一块（片，张，件）
glass,n.玻璃杯；玻璃
plate,n.盘子
salt,n.盐
cup,n.茶杯，杯
kilo,n.千克，公斤
carton,n.盒
bottle,n.瓶子
less,较少（的），更少（的）
than,prep.比
less than,少于，小于
more than,多于，不仅仅
take a walk,散步
total,adj.总的，总计的，全部的
number,n.数，数量
score,n.得分
point,n.分数
more,adv.（程度上）更强，更多
order,vt.& vi.点（菜）
menu,n.菜单
bean,n.豆，豆科植物
all right,行了，好吧
taste,v.有…的味道
energy,n.能量
whole,adj.整个的
shopping,n.购物
mall,n.大型购物中心
down,prep.沿着；向下
hate,vt.讨厌；恨
well,(表同意或犹豫)好吧,那么
money,n.钱
wallet,n.钱包
carry,vt.拿，提，搬
bookshop,n.书店
gift,n.礼物
CD,abbr.光盘，激光唱片
sure,adj.确知，肯定，有把握
maybe,adv.也许，可能
be interested in,对…感兴趣
stamp,n.邮票
collect,vt.收集，搜集
you're welcome,别客气，不用谢
shopkeeper,n.店主，售货员
just a minute,稍等片刻
take a look,看一看
cost,vt.值（多少钱），需付费
cheap,adj.便宜的
last,det.最近的；上一个的
hair clip,n.发卡，发夹
match,vt.&vi.与…相配，般配
pink,adj.粉红色的
pretty,adj.漂亮的，俊俏的
enough,足够（的），充分（的）
change,n.零头，找头
different from,与...不同
paper,n.纸
item,n.一件物品；项目
T-shirtT,恤衫，短袖汗衫
most,adv.（程度上）最大，最高
poor,adj.贫穷的；可怜的
area,n.地区
most,adv.（程度上）最大，最高
pocket,n.口袋
pocket money,n.零花钱
pair,n.对，双，副
a pair of,一双，一对，一副
size,n.尺码，大小
try on,试穿，试试看
fit,vi.&vt.适合，合身
expensive,adj.昂贵的
another,别的；不同的；又一，另一
price,n.价格，价钱
fit,vi.&vt.适合，合身
large,adj.大的；大型号的
note,n.笔记；便条
bus stop,n.公共汽车站
restaurant,n.餐馆
top,（位置、级别等）最高的
fashion,n.时装；时尚，风尚
think about,考虑
spend,vt.度过
lazy,adj.懒惰的
blouse,n.（女子的）短上衣，衬衫
tie,n.领带
lend,vt.借给
lady,n.女士，夫人
gentleman,n.（pl.gentlemen）先生
style,n.风格，样式
trainer,n.〈英〉运动鞋
comfortable,adj.舒适的，使人舒服的
popular,adj.受喜爱的，受欢迎的
among,在…中;在三者以上中分配
purple,adj.紫色的
grey,adj.灰色的
smart,adj.衣着讲究的；精干的
cool,adj.酷的，绝妙的
cotton,n.棉；棉织物
scarf,n.（pl.scarves）围巾
both,det.&pron两个（都）
jeans[,复]牛仔裤
silk,n.（蚕）丝；丝绸
wool,n.羊毛，羊绒
boot,n.靴子
both ... And ...,…和…都；不仅…而且…
be made of,由...制成
write to,写信给
wait for,等候
look for,寻找
lie,vt.躺，平放
go for sth,去从事，去参加
fit,adj.适合的
fit for,适合于
think of,认为；考虑
glove,n.手套
leather,n.皮革
soft,adj.柔软的，柔和的
smooth,adj.光滑的，平坦的
lovely,adj.可爱的,美丽的,极好地
hat,n.（通常指有檐的）帽子
jacket,n.夹克衫，短上衣
feature,n.特征
material,n.材料
design,n.设计；构思
model,n.模特；模型
dark,adj.昏暗的;深色的;暗色的
include,vt.包括，包含
palace,n.宫殿
next to,prep.紧邻
town,n.城镇
Canada,n.加拿大
France,n.法国
Japan,n.日本
Russia,n.俄罗斯
UK,（=United Kingdom）英国
London,n.伦敦
country,n.国家
capital,n.首都
mile,n.英里
garden,n.花园
flat,n.公寓
centre,n.中心
living room,n.客厅
share,vt.分享
share sth with sb,与某人合用/分享某物
bedroom,n.卧室
own,adj.自己的
bathroom,n.浴室
balcony,n.阳台
beach,n.海滩
sea,n.海
dining room,n.餐厅
zero,num.零
hundred,num.百
thousand,num.千
million,num.百万
foot,n. (pl. feet) 英尺
square,adj平方的
metre,n.米，公尺
area,n.面积
over,prep.超过
fork,n.餐叉
fridge,n.冰箱
knife,n. (pl. knives)刀
lamp,n.台灯
shower,n.淋浴
sofa,n.沙发
video,n.录像
be full of,充满
of one's own,某人自己的
some day,某天
may,modal v可以
message,n.消息，音信
take a message,传口信
call sb back,给某人回电
double,adj.双的
study,n.书房
machine,n.机器
washing machine,n. 洗衣机
at the foot of,在...脚下
field,n.田，地
football field,n. 足球场
invite,vt.邀请
stay,vi.停留
neighbour,n.邻居
wow,excl.哇
will,modal v.将
visitor,n.参观者
like,prep.像
waiter,n.服务员
neighbourhood,n.街区
helpful,adj.愿意帮忙的
volunteer,n.志愿者
community,n.社区
skill,n.技能
help sb with sth.,帮助某人解决某种困难
problem,n.问题
something,pron. 某事，某物
engineer,n.工程师
check,vt.检查
broken,adj.破碎的
someone,pron.某人
fix,vt.修理
anyone,prep.任何人
college,n.学院
do some shopping,买点东西
lucky,adj.幸运的
shall,modal v.将
the day after tomorrow,后天
fire,n.火
make a fire,生火
manager,n.经理
office,n.办公室
office worker,n. 办公室职员，上班族
policeman,n. (pl. policemen) 警察
postman,n. (pl. postmen) 邮递员
company,n.公司
station,n.局
police station,n. 警察局
post,n.邮政
post office,n.邮局
person,n.人
job,n.工作
elder,adj.年纪较长的
by train,乘火车
future,n.将来
artist,n.艺术家
sound,linking v.听起来
sick,adj.生病的
notice,n.通知
information,n.信息
below,adv.下面
better,(good/well的比较级) 更好
anything,pron.任何事
worry about,担心
design,vt.设计
group,n.组
mine,pron.我的
nothing,pron.没有什么
wait a minute,请稍后
yuan,n.元
tin,n.罐
pizza,n.比萨饼
exchange student,n.交流学生
quiet,adj.安静的
air,n.空气
fresh,adj.新鲜的
local,adj.当地的
jogging,n.慢跑锻炼
underground,n.地铁
famous,adj.出名的
Western,adj.西方的
opera,n.歌剧
theatre,n.剧场
miss,vt.错过
forward,adv.向前
look forward to,期待
soon,adv.很快
postcard,n.明信片
key,n.钥匙
ring,n.环，戒指
key ring,n.钥匙扣
yours,pron.你的，你们的
ours,pron.我们的
theirs,pron.他们的
hers,pron.她的
all over,遍及
pencil case,n.笔盒
golden throne,n.金銮宝座
work,n.作品
work of art,n.艺术作品
painting,n.绘画
row,vt.划船
hotel,n.旅馆
own,vt.拥有
hometown,n.家乡
friendly,adj.友好的
raise,vt.饲养
grow,vt.生长
wheat,n.小麦
smell,vt.嗅
drive,vt.&vi.驾驶
follow,vt.跟随
path,n.小路
have to,不得不
north,n.北
west,n.西方
south,n.南方
east,n.东方
trip,n.旅行
kilometer,(=km) n.<英>千米
everybody,pron.每人
straight,adv.径直地
on,adv.向前移动，开
bamboo,n.竹
all day long,一整天
along,prep.沿着
road,n.路
king,n.国王
remember,vt.记得
that,动词形容词名词后引导从句
dangerous,adj.危险的
sound,n.声音
forest,n.森林
funny,adj.好笑的
laugh,vi.大笑
giraffe,n.长颈鹿
quite,adv.相当
neck,n.脖子
leaf,(pl.leaves) n.树叶
north-east,n.东北方
bridge,n.桥
cross,vt.穿过
cage,n.笼子
across,prep.在...对面
inside,prep.在里面
outside,prep.在外面
above,prep.在上面
below,prep.在下面
sign,n.指示牌
over,prep.在上面
beach,n. 长椅
past,prep.在另一边
treasure,n.宝藏
turning,n.转弯处
traffic,n.交通
traffic lights,n.红绿灯
should,modal v.应该
crossing,n.交叉路口
corner,n.拐角
prepare,vt.准备
prepare ... for ...,为……准备……
plenty,pron.大量
plenty of,大量
exit,n.出口
bank,n.银行
amazing,adj. 令人惊异的
same,adj. 相同的
birth,n. 出生,血统,出身,起源
stop doing sth.,停止做某事
times,n.[复]（用于比较）倍
earth,adj.地球
bone,adj.骨头
back,n.后部，背部
fat,n.脂肪
fact,n.事实
as,adv.和…一样
usual,adj.通常的，平常的
as usual,和往常一样
sit down,坐下
suddenly,adv.突然
whisper,n.低语，耳语
bush,n.灌木丛
turn around,转身
anybody,pron.任何人
nobody,pron.没有人
reply,vi.答复
strange,adj.奇怪的，陌生的
leave,vt.离开
quickly,adv.迅速地，飞快地
on one's/the way,在…路上
happen,vi.发生
everything,pron.每件事
wonder,vi.&vt.琢磨，想知道
carefully,adv.小心低,认真地,仔细地
search,vt.&vi.搜查，搜寻，搜索
himself,pron.他自己
say to oneself,自言自语
weak,adj.虚弱的，无力的
miaow,vi. （猫叫声）喵
pick,vt.拾起
pick up,捡起，拾起
surprised,adj.吃惊的，惊讶的
later,adv.随后，后来
run away,逃离，抛开
somebody,pron.某人，有人
ago,adv.以前
the day before yesterday,前天
centimeter,(=cm) n.<英>厘米，公分
dodo,n.渡渡鸟
snake,n.蛇
camel,n.骆驼
ant,n.蚂蚁
little,pron.&det.不多的，少数的
dry,adj.干的，干燥的
without,prep.没有人
be afraid of,害怕…
not ... any more,再也不，不再
hear of,听说
the other day,那天，前几天
at the same time,同时
3D,n.三维立体
chalk,n.粉笔
sandwich,n.三明治
all over the world,遍及世界
by,prep.不迟于，在…之前
per,prep.每，每一
at least,至少
as ... as,像…一样
inch,n.英寸
ask for,请求，要
outdoor,adj.户外的，
hurry,vi.匆忙，赶紧
hurry up,赶快
complain,vi&vt.抱怨
that,adv.那么，那样
camping,n.野营
cycling,n.骑自行车运动
riding,n.骑马
skating,n.溜冰
ride,vt.骑（马，自行车等）
outside,adv.在外面
rabbit,n.兔，家兔
hole,n.洞
by,prep.在…旁边，靠近
pass,vi&vt.经过，通过
by,prep.在…旁边，靠近
dear,excl.哎呀，天哪
watch,n.手表
stand up,站起身，起立
get away,逃脱，离开
fall,vi.落下，掉落，倒
hit,vt.到达，击中，撞
herself,pron.她自己
alone,adj.独自，单独
low,adj.低的，矮的
locked,adj.锁上的
notice,vt.注意，察觉
into,prep.到…里面
side,n.侧，一边
through,prep.穿过，通过
go through,通过
surprise,vt.使惊奇，使措手不及
put up,搭，竖立
tent,n.帐篷
wood,n.木头，木材
period,n.一段时间，时期
dynasty,n.朝代，王朝
century,n.世纪，百年
Italian,adj.意大利的
province,n.省
from then on,从那时起
excited,adj.激动的
mobile phone,n.手机
a little,一点，少许
sweet,adj.甜的
become,linking v.开始变得，变成
enough,adv.足够地，充分地
decide,vi.&vt.决定
enter,vt.进入
towards,prep.向，朝
forget,vi.&vt.忘记
too ... To ...,太…而不能…
reach,vt.伸手（脚）够到
climb,vi.&vt.爬，攀登
fail,vi.&vt.失败
ability,n.能力
believe,vt.相信
believe it or not,信不信由你
look out,当心
seat,n.座位
send,vt.发送，邮寄
even,adv.甚至
able,adj.能，能够
pay,vi.&vt.付费
pay for,为某物付钱
notebook,n.笔记本
raise,vt.募集
brave,adj.勇敢的
save,vt.救，救助
save ... from,从…中救出…
smoke,n.烟，烟雾
next door,adv. 在隔壁
badly,adv.严重地，厉害地
hurt,adj.受伤的
could,modal v.可以，能，会
pour,vt.倾倒
protect,vt.保护
rush,vi.冲，奔
wet,adj.湿的，未干的，有雨的
blanket,n.毯子
fireman,n.消防员
put out,扑灭
burn,vi.&vt.烧伤，烧
in hospital,住院
moment,n.时刻，片刻，瞬间
nod,vi.&vt.点头
careful,adj.仔细的,认真的,小心的
hurt,adj.受伤的
reporter,n.记者
news,n.新闻，消息
newspaper,n.报纸
match,n.火柴
rubbish,n.垃圾，废弃物
bin,n.垃圾箱
smoke,n.烟，烟雾
by the way,顺便问一下
camera,n.照相机
no problem,没问题
X-ray,n.X光，X射线
term,n.学期
hard,adv.努力地，费力地
article,n.文章
careless,adj.粗心的
do/try one's best,尽某热最大努力
piano,n.钢琴
do well in,在…做的好
better,adv.较好，更好
violin,n.小提琴
at the age of,在…岁时
show,vt.演示；展示
sir,n.先生
madam,n.女士；夫人
recommend,vt.推荐
award,n.奖；奖品；奖金
part,n.部分
take part in,参加
need,n.(食物,钱等的)短缺,缺乏
lose,vt.迷失，丢失
lose one's way,迷路
before,conj.到…为止；在…之前
hear from,收到…的来信
yours faithbully,(书信结尾签名前)您忠实的
pet,n.宠物
rude,adj.粗鲁的，不礼貌的
goldfish,n.金鱼
mouse,n.老鼠，耗子
parrot,n.鹦鹉
knee,n.膝,膝盖,大腿朝上的面
hold,vt.握住，拿
feed,vt.喂，喂养
teach,vt.教
poem,n.诗歌
wide,adv.充分地
hunt,vi.&vt.寻找，搜寻；打猎
hide,vi.&vt.藏，隐藏
build,vt.建造，建筑
camp,n.营地，阵营
stick,n.树枝，枝条；棍，棒
bark,vi.（狗）吠，叫
bite,vi.&vt.咬
fight,vi.&vt.与…打仗(架)
look after,照顾
till,prep.到…时，直到…为止
end,n.终止，末尾，终点
trouble,n.麻烦
bubble,vi.吐泡泡
gentle,adj.温柔的
touch,n.触摸，碰
rhyme,vi.押韵
care,n.照料，照顾
take care of,照顾
anywhere,adv.任何地方
repeat,vi.&vt.重复
all the time,一直，总是
agree,vi.&vt.同意;应允
keep,vt.养，饲养
weigh,linking v.重；有…重
gram,n.克
grow up,成长；长大成人
talk,n.讲座，演讲
noise,n.声音，响声；噪音
brush,vt.刷；擦
fur,n.（动物的）软毛，毛皮
paw,n.（动物的）爪
basket,n.篮子
noisy,adj.吵闹的，嘈杂的
thirsty,口渴的
honest,adj.诚实的；正直的
secret,n.秘密
keep a secret,vi.&vt.保守秘密
joy,n.欢乐，高兴；乐趣
care,vi.&vt.关心，关注，在意
care about,关心，关怀
yourself,pron.你自己
teenager,n.（13至19岁的）青少年
magazine,n.杂志
good-looking,adj.好看的，漂亮的
humorous,adj.幽默的
polite,adj.礼貌的
tidy,adj.爱整洁的，整洁的
make,linking v.成为；合适
trust,vt.信任
lie,n.说谎
joke,n.玩笑
TRUE,adj.确实的;的确
generous,adj.慷慨的，大方的
willing,adj.乐意的，愿意的
any time,adv.在任何时候
voice,n.嗓音
singer,n.歌手
almost,adv.几乎，差不多
round,adj.圆形的
sense,n.感觉；观念，意识
humour,n.〈英语〉幽默
bored,adj.无聊的
fit,vi.可容纳，装进
knock,vt.碰，撞；把…撞击成
onto,prep.到…的上面
straight,adj.笔直的
sweet,adj.可爱的，惹人喜爱的
smile,vi.微笑
personality,n.个性
choose,vi.&vt.选择；挑选
worse,adj.更差，更糟，最坏
worst,adj.最差，最糟，最坏
height,n.高，高度
weight,n.重量
sec.,(=second) abbr.秒
competition,n.竞赛，比赛；竞争
test,n.测试，考查
swimmer,n.游泳者
plan,n.打算，计划
social,adj.社会的
social worker,n.社会工作者
ponytail,n.马尾辫
shy,adj.害羞的
square,adj.方形的
smiling,微笑的，带着笑意的
handsome,adj.英俊的
fat,adj.胖的
hard-working,勤奋的，工作努力的
patient,adj.耐心的
smile,vi.微笑
unhappy,adj.不快乐的，悲伤的
excellent,adj.杰出的，极好的
advertisement,（=ad）广告
British,adj.英国的
biscuit,n.〈英〉饼干
lorry,n.〈英〉卡车
rubber,n.〈英〉橡皮
American,adj.美国的
eraser,n.〈美〉橡皮
soccer,n.〈美〉英式足球
vacation,n.〈美〉假期
cookie,n.〈美〉饼干
fall,n.〈美〉秋天
store,n.〈美〉商店
truck,n.〈美〉卡车
yard,n.〈美〉院子
movie,n.〈美〉电影
mixed,adj.男女混合的；混合的
French,n.法语
foreign,adj.外国的
language,n.语言
during,prep.在…期间
discuss,vt.讨论，议论
in class,在课堂上
guy,n.〈口〉家伙
buddy,n.〈口〉好朋友；搭档
offer,vt.主动提出，自愿给予
end,vi.&vt.结束
baseball,n.棒球
win,vi.&vt.赢得；赢，获胜
least,adj.最少的；最小的
further,（far的比较级）较远
farther,（far的比较级）较远
furthest,（far的最高级）最远
farthest,（far的最高级）最远
spend,vt.花费（时间或金钱）
spend time on/doing sth.,花时间做某事
uniform,n.制服
chess,n.国际象棋
at most,最多
daily,adj.每日的，日常的
weekly,adj.每周的
quick,adj.快的
through,prep.自始至终，从头到尾
look through,浏览，快速查看
real,adj.真实的，真的
at first,起初，首先
keep (on) doing sth,继续，重复做某事
finish,vi.&vt.完成；结束
lunchtime,n.午餐时间
physics,n.物理（学）
badminton,n.羽毛球
ideal,adj.理想的
come on,来吧；赶快
ourselves,pron.我们自己
enjoy oneself,玩得愉快
Australia,n.澳大利亚
take care,保重
coffee,n.咖啡
top,n.顶部，（物体的）上面
president,n.总统，国家主席
wide,adj.…宽的；宽广的
steel,n.钢
ton,n.吨
fine,adv.够好，蛮不错
join,vt.&vi.加入，参加
myself,pron.我自己
shine,vi.照耀，发光
clear,adj.晴朗的，清晰的
sky,n.天，天空
journey,n.旅行，旅程
boring,adj.乏味的
finally,adv.最后
arrive,vi.到达
arrive at/in,到达
can't wait,迫不及待
get off,下车
interest,n.令人感兴趣的事(或人)
place of interest,n.景点
not believe one's eyes,不相信自己眼睛,非常惊讶
main,adj.主要的
sights[,复]名胜，风景
culture,n.文化
Internet,n.网络
page,n.页，页面，页码
home page,n.主页
yourselves,pron.你们自己
themselves,pron.他们自己
by oneself,独立地，独自
itself,pron.它自己
pull,vt.&vi.拉；拖；移开
rock,n.岩石
luckily,adv.幸好，幸运的是
climber,n.登山者，攀爬者
final,n.决赛
support,n.支持
take place,进行，发生
cheer,vi.&vt.欢呼，喝彩
reach,vt.到达
half-time,n.中场休息
get on,上车
cost,n.费用，价钱
rest,vi.休息，歇息
free,adj.免费的
helpless,adj.无助的
useful,adj.有用的，有益的
useless,adj.无用的
cheer,vi.&vt.欢呼，喝彩
hope,n.希望
meaning,n.意思
taste,n.味道；品味
cheerful,adj.兴高采烈的
colourful,adj.多彩的
ticket,n.票，入场劵
keep,vt.留着，不退还
square,n.广场
instruction,n.指示
had better,（='d better）最好
tool,n.工具
brush,n.刷子；画笔
glue,n.胶水
rope,n.绳索
scissors,n.[复]剪刀
tape,n.磁带；胶带
DIY,n.自己动手做
exactly,adv.确切地，精确地
stand for,代表；象征
repair,vt.修补
decorate,vt.装饰
instead of,而不是，代替
rose,n.玫瑰（花）
crazy,adj.着迷的,狂热的,发疯的
be crazy about,对…着迷
terrible,adj.可怕的
once,adv.曾经，一度
put in,安装，使...在内，放进
mistake,n.错误，失误
make a mistake,犯错误
power cut,n.供电中断，停电
pipe,n.管子，水管
fill,vt.使充满
fill ... With ...,用……填充……
not only ... but (also),不仅…而且…,…和…都
ceiling,n.天花板
shelf,(pl. shelves) 架子，搁板
whoops,哎呀 n.大叫,呐喊,喘息声
advise,vt.&vi.建议，忠告，劝告
course,n.课程；过程
already,adv.已经
instead,adv.反而，却，代替
attend,vt.&vi.经常去；出席
cut,vt.剪下，切下，割下
sentence,n.句子
grape,n.葡萄
strawberry,n.草莓
spoon,n.匙，调羹
salad,n.沙拉；色拉
cream,n.奶油；乳脂；霜
mix,vt.&vi.混合
add,vt.&vi.增加，补充
tip,n.指示，指点
example,n.例子；榜样
for example,例如
leave,v.离开 vt.使处于某种状态
sauce,n.调味汁，酱
ham,n.火腿
correct,adj.正确的
finished,adj.完成
certain,adj.确定的
active,adj.积极的,活跃的,主动的
possible,adj.可能的
tidy,vi.&vt.收拾,整理v.使整洁
tidy up,收拾妥，整理好
secret,adj.秘密的
keep it secret,保密
wrong,adv.错误地，不对
go wrong,弄错;犯错;（机器）出故障
spell,vt.&vi.拼写
cut out,剪出
balloon,n.气球
stick,vt.&vi.粘住，钉住
cover,n.封面；盖子，罩
complete,vt.完成
paint,n.颜料
furniture,n.家具
wild,野生的;自然环境;野生状态
free,adj. 自由的，不手术博的
dish,n. 一道菜；盘，碟
no way,（口语）不可能
pity,n.同情
have/take pity on,同情，怜悯
die,vi.死
in fact,实际上，事实上（短语）
dolphin,n.海豚
giant panda,n.大熊猫
squirrel,n.松鼠
zebra,n.斑马
mean,vt.意思是，意味着
be born,出生，出世（短语）
beginning,n.开始，起初
in the beginning,开始，起初,在开始的时候
sadly,令人遗憾地,不幸地,伤心地
face,vt.面临,面对 n.脸,面孔
live on,以食.....为生（短语）
mainly,adv.主要地；大部分
result,n.结果
as a result,因此（短语）
danger,n.危险
in danger,处境危险（短语）
action,n.行动；行为
take action,采取行动（短语）
right away,立刻，马上（短语）
reserve,n.（动植物）保护区
law,n.法律，法规
none,pron.没有一个（人或物）
at birth,出生时，诞生时（短语）
closed,adj.关闭的
bat,n.蝙蝠
bee,n.蜜蜂
lost,adj.迷路的，迷失的
get lost,迷路（短语）
the same...as,与……同样
save,vt.&vi. 储存，节省
stripe,n. 条纹，斑纹
while,n.一会儿，一段时间
quality,n.特性，才能，才能
hunter,n.猎人
catch,vt.捉住，捕获
wolf,n.狼
thick,adj.厚的；密的；浓的
lose,vt.失去,被…夺去;输掉
living,n.生存, 生计
kill,vt.&vi. 杀死
human,n.人，人类
yours sincerely,(正式信件署名前)你真诚的
sorry,adj.难过的，遗憾的
pity,n.同情
sell,vt.&vi. 卖，出售
shame,n.憾事；羞愧
act,vt.&vi. 行动，表演
illness,n.疾病
accept,vt.&vi. 接受，收受
report,n.报告
tail,n.尾巴
insect,n.昆虫
move,vt.&vi.活动,移动,搬迁
slowly,adv.缓慢地
daytime,n.白天
otherwise,adv.要不然，否则
birdwatching,观鸟
market,市场
yeah,<口>是的
hen,母鸡
yummy,<口>美味的，可口的
crane,鹤
sparrow,n.麻雀
feather,n.羽毛
swan,n.天鹅
eagle,n.鹰
broad,adj.宽的，宽大的
wing,n.翅膀
type,n.种类
rare,adj.罕见的，稀有的
nature,n.大自然，自然界
wetland,(尤指为野生动物保存)湿地
provide,vt.提供
cover,n.庇护所，遮盖物，罩子
wildlife,n.野生动物
perfect,adj.极好的，完美的
round,adv.周围，绕一整圈
all year round,一年到头（短语）
while,conj.然而
stay,n.停留，逗留
easily,adv.容易地，不费力地
cent,n.分，分币
per cent,（英）百分之....
in order to,以便，为的是（短语）
space,n.空间
lead,vt.&vi. 领导，带领
lead to,导致（短语）
less and less,越来越少（短语）
moreover,此外
fisherman,n.渔民，钓鱼的人
fish,vi.捕鱼，钓鱼
government,n.政府
prevent,vt.防止，预防
society,n.协会，社会
record,vt.记录
change,n.改变，变化
tourist,n.旅行者，观光者
count,vt.&vi.计算(或清点)总数
describe,vt.描述
understand,vt.&vi. 理解，明白
importance,n.重要性
write down,写下，记下（短语）
south-east,n., adj. &adv.东南方
cover,n.庇护所，遮盖物，罩子
red-crowned crane,丹顶鹤
binoculars[,复]望远镜
clearly,adv.清晰地
speaker,n.说话人；演讲者
tour,n.旅行
application,n.申请，申请表，应用
form,n.表格,形状,种类,形态
address,n.地址
chairperson,n.主席
introduce,vt.介绍
natural,adj.自然的，天然的
bet,vt.&vi. 打赌；敢说
foggy,adj.有雾的，多雾的
rainy,adj.有雨的
snowy,adj.有雪的
butterfly,n.蝴蝶
shower,n.阵雨；阵雪
memory,n.记忆，回忆
stream,n.小河，溪流
shade,n.阴凉处，树荫处
pile,n.堆
upon,prep.在....之上
harvest,vt.&vi. 收割，收获
crop,n.庄稼，收成
as,conj.当....时；随着
temperature,n.温度
drop,vt.&vi. 下降，落下
rise,vi.上升，升起
cloud,n.云
kick,vt.踢
fever,n.发烧
cough,vi.咳嗽
awful,adj.糟糕的，很坏的
snowstorm,n.暴风雪
wind,n.风
around,adv.大约
sunshine,n.阳光
rest,n.其余部分,休息时间,其他
degree,n.度数，度，程度
bit,n.少量，一点
a bit,有一点（短语）
blow,vt.&vi. 吹；刮
loud,adv.大声地
ring,vt.&vi.给…打电话;响铃
fog,n.雾
sleepy,adj.困倦的，瞌睡的
shine,n.光亮，光泽
shiny,adj.光亮的，反光的
sudden,adj.突然的
snowball,n.雪球
fight,n.打仗（架）
deep,adj.深的
frozen,adj.结冰的
land,n.陆地
exciting,adj.激动人心的
throw,vt.扔；投；掷
scream,vt.&vi. 尖叫，惊呼
snowman,n.雪人
ice,n.冰
everywhere,adv.到处
disaster,n.灾难；不幸，祸患
mop,vt.用拖把擦干净
up,向上,在上面,在高处,起床
earthquake,n.地震
thousands of,成千上万的（短语）
accident,n.事故，意外的事
coach,长途汽车,旅客车厢,经济舱
crash,vt.&vi. 猛撞，碰撞
flood,n.洪水；水灾
wash away,冲走（短语）
village,n.村庄，乡村
lighting,闪电
storm,n.风暴，暴（风）雨
thunder,n.雷，雷声
catch fire,着火(短语）
slight,adj.轻微的
shake,n.摇动，震动
loud,adj.响亮的;大声的;喧闹的
bomb,n.炸弹
shake,n.摇动，震动
fear,n.害怕，恐惧
direction,n.方向
in all directions,四面八方（短语）
while,conj.当.....时
brick,n.砖，砖块
come down,崩塌，坍塌
shaking,n.摇动，震动
silent,adj.寂静的
not...at all,一点也不
if,conj. 是否，如果
nervous,adj.紧张不安的
heart,n.心脏
beat,vt.(使)规律作响v.打,撞击
trapped,adj.困住的，陷入困境的
mind,n.头脑
calm,vt.&vi.(使)平静,(使)镇定
calm down,冷静（短语）
since,conj.由于，既然
still,仍然
alive,adj.活着的
dark,n.黑暗
find one's way out,找到出路
shout,n.呼喊，呼叫声
at last,最后，终于（短语）
daylight,n.日光，白昼，黎明
safe,adj.安全的
asleep,adj.睡着的
after,conj.在...以后
break,vi.损坏；打破
break down,(机器)出故障,坏掉(短语）
because of,因为，由于（短语）
as ... as possible,尽可能……
towel,n.毛巾，浴巾
rule,n.规则
railway,n.铁路
burn,n.烧伤，烫伤，灼伤
daughter,n.女儿
granddaughter,n.(外)孙女
son,n.儿子
grandson,n.(外)孙子
board,n.木板
weekday,工作日(周一至周五任一天)
headache,n.头痛
toothache,n.牙痛
countryside,n.乡下，农村
housework,n.家务活
pancake,n.烙饼，薄饼
nearly,adv.几乎，将近
clear,vt.清除，清理
behind,adv.在后面
past,n.过去
present,n. 现在，目前
just,adv.刚才
used to,(过去持续或常发生)曾经
since,conj.自…以来
ever,adv.曾经，永远，这以前
northern,adj. 北方的，北部的
married,adj. 已婚的，结婚的
wife,(pl. wives) 妻子
block,n. 街区
since,conj.自…以来
over,prep.在…期间
turn ... Into ...,把…变成…
pollution,n.污染；污染物
factory,n.工厂
waste,n.废料；废品
realize,意识到；实现
improve,vt.& vi.改进，改善
situation,n.形势，情况
in some ways,在某种程度上
however,adv.然而
impossible,adj. 不可能的
before,adv.以前，过去，已经
lonely,adj. 孤独的，寂寞的
from time to time,不时，有时，偶尔
anyway,adv.尽管，即使这样
husband,n.丈夫
interview,n.采访；会见
all one's life,一生
yet,adv.还，仍
recently,adv.近来，最近
past,n.过去
environment,n. 环境
transport,n.交通车辆，运输工具
condition,n.环境，条件，状况
return,vi.返回
last,adv.最近，上一次；最后
abroad,adv.到（在）国外
primary,adj. 小学教育的；初级的
keep in touch,保持联系
communicate,vi.&vt.交流，交际
communication,n.交流，交际
exactly,adv.（答语）正是，没错
be/get used to,习惯于，适应于
narrow,adj. 狭窄的
open space,开阔的空地
travelling,n.<英>旅行=<美>traveling
hey,excl.嘿，喂
miss,vt.想念，思念
fantastic,adj. 极好的，美妙的
indoor,adj. （在）室内的
roller coaster,(游乐场的)过山车,环滑车
speed,n.速度
ride,n.乘坐（游乐设施）
cartoon,n.卡通片，动画片
character,n.人物
such,det.&pron.这样的(人或物)
such as,例如
parade,n.（庆祝）游行
magic,n.魔法
pie,n.派，馅饼
feel,vt.感觉到，意识到
couple,两人,两件事,几人,几件事
a couple of,一对；一双，两三个
at the end of,在…末尾
castle,n.城堡
sand,n.沙；沙滩
countryside,n.农村，乡下
over,adv.结束
marry,vi.&vt.结婚，嫁，娶
dead,adj. 死的
beauty,n.美丽；美人
seaside,adj. 海边的
theme park,n.主题公园
sailing,n.帆船运动，航行
except,prep.除了…以外
view,n.景色，风景
mountain,n.高山
business,n.公事；商业；生意
on business,出差
direct,adj. 直达的，直接的
flight,n.航班；航行
point,n.要点
detail,n.细节
delicious,adj. 美味的，可口的
seafood,n.海鲜
airport,n.机场
relative,n.亲戚
online,adj. 联网的，在线的
programme,n.<英>节目;计划;方案
remote control,n.遥控器
ah,excl.(表惊奇、高兴等)啊
channel,n.频道
keyboard,n.键盘
unit,n.机件；单位；单元
main unit,n.（电脑）主机；主件
mouse(pl.mice,或mouses)鼠标
screen,n.显示屏，屏幕
word processing,n.文字处理
receive,vt.收到，接到
guide,n.导游，向导
icon,n.图标
click,vi.&vt.点击
Asia,n.亚洲
Africa,n.非洲
Europe,n.欧洲
America,n.美洲
word-famous,世界著名的，举世闻名的
trade,n.贸易
southern,adj. 南方的，南部的
international,adj. 国际的
gather,vi.&vt.聚集，集合
huge,adj. 巨大的
darkness,n.黑暗
island,n.岛屿
several,det.几个，数个
lawn,n.草坪
relax,vi.放松，休息
hard,adj. 辛苦的；艰难的
musical,n.音乐剧
so much for sth.,关于…就讲这么多
bottom,n.底，底部
pick,vt.挑选
play,n.戏剧，剧本
website,n.网站
dream,vi.&vt.做梦，梦想
dream of/about,梦想；想像
passport,n.护照
coast,n.海岸
sail,n.帆
Australian,adj. 澳大利亚（人）的
opposite,n.对立的人（或物）
mind,vt.& vi.介意
print,vi.&vt.打印；印刷
pleasure,n.高兴，乐意
my pleasure,不客气,很乐意效劳,很荣幸
book,vt.预订,订 n.书籍,本子
England,n.（英国）英格兰
queen,n.女王
ruler,n.统治者；管理者
pound,n.英镑
be made up of,由…组成,用…制造(制成)
European,adj. 欧洲的
dollar,n.美元
read,n.读物
cooking,n.烹饪，烹调
novel,n.小说
Germany,n.德国
knowledge,n.知识
spare,adj. 空闲的；多余的
French,adj. 法国（人）的
writer,n.作者，作家
ugly,adj. 丑陋的
touch,vt.感动，触动
against,反对;对…不利;紧靠;以防
be tired out,筋疲力尽
tie,vt.捆，绑
over,prep.从一边到另一边
stomach,n.腹部；胃
until,conj.直到…为止
finger,n.手指
tiny,adj. 极小的
fall over,摔倒
continue,vt.& vi.继续
either,adv.也，而且
manage,vt.& vi.设法完成；管理
lift,vt.举起，抬高；提高
army,n.大批，大群
must,modal v.应该，必须；一定
unable,adj. 不能的，不会的
shoulder,n.肩膀
hand,vi.交；递，给
hand in,上交，递交
and so on ...,等等
review,n.评论,复查,重新考虑
return,vt.归还
on time,准时
renew,vt.续借；更新；重新开始
series,n.一系列；系列节目
publishing house,n.出版社
refuse,vt.& vi.拒绝，回绝
publish,vt.出版
so far,到目前为止
success,n.成功
translate,vt.& vi.翻译
sales(,复)销售量
copy,n.一本（份，册）；副本
Canadian,adj. 加拿大（人）的
at a time,每次，依次
online,adv.在线，联网
sail,vt.& vi.航行
hidden,adj. 隐藏的
confidence,n.信心，自信，信任
experience,n.经历，经验
advice,n.建议，忠告，劝告
librarian,n.图书管理员
habit,n.习惯
classical,adj. 古典的
opposite,prep.在…对面；与…相反
open up,开启；开创；开辟
manners,n.【复数】礼貌，礼仪
eh,excl. 嗯，什么，啊
cut in (on sb/sth),打断（谈话），插嘴
politely,adv.礼貌地
litter,n.垃圾，杂物
tap,n.水龙头；旋塞
run,vi.流动；v. 奔跑，跑步
pick,vt.采，摘；v. 挑选，精选
obey,vt.&vi.遵守，顺从
queue,vi.（人、车等）排队等候
turn,轮流,旋转v.使旋转,翻过来
proper,adj.符合习惯的；正确的
greet,vt.问候，打招呼
shake sb's hand,与某人握手
kiss,n.亲吻
close,adj.亲密的；严密的
conversation,n.（非正式）交谈，谈话
avoid,vt.避免
subject,n.话题，主题
behave,vi.表现
public,n.民众，群体
in public,公开地，在别人面前
push,vi.&vt.推，挤
push in,(英)插队,加塞,(美)cut in
bump,vi.&vt.撞，碰
in one's way,挡住某人的路
touch,vt.触摸，碰
excuse,vt.原谅，宽恕
excuse me,劳驾
till,conj.到…时，直到…为止
as well (as),也，还有
loudly,adv.大声地
as,conj.正如，如同
saying,n.谚语，格言
Roman,n.罗马人
by accident,偶然，意外地
discussion,n.讨论
express,vt.表达
public,n.民众，群体
explain,vt.&vi.解释
keep sb from sth,保护，使免受
warn,vt.&vi.警告，告诫
parking,n.停车
litter,n.垃圾，杂物
successful,adj.成功的
sometimes, (some time) 在某时
soon after,不久以后
risk,vi.冒险做
worm,n.软体虫，蠕虫
pain,n.痛，疼痛
gain,n.收获
indeed,adv.真正地
practice,n.练习；训练；实践
candle,n.蜡烛
purpose,n.目的
content,n.内容；目录
conclusion,n.总结，归纳
guest,n.客人，宾客
host,n.主人，主持
above all,尤其是，首先
impolite,adj.不礼貌的
train,接受训练；培训，训练
the Olympic Games,奥林匹克运动会
support,vt.支持
meaningful,adj.有意义的
blind,adj.瞎的
deaf,adj.聋的
disabled,adj.残疾的
elderly,adj.年老的
homeless,adj.无家可归的
volunteer,vi.&vt.志愿做，义务做
expect,vt.&vi.期待，指望；预料
adult,n.成年人
intellectual,adj.智力的,用脑力的
disability,n.缺陷，障碍
chance,n.机会
event,n.（运动）比赛项目；大事
similar,adj.同样的，类似的
give up,放弃
necessary,adj.必须的，必要的
training,n.培训，训练
task,n.任务，工作
athlete,n.运动员
coach,n.教练
gold,n.黄金；金牌
silver,n.银；银牌
confident,adj.自信的
background,n.背景
closely,adv.密切地
achieve,vt.实现，达到
prize,n.奖赏，奖品
donate,vt.捐献
charity,n.慈善；慈善机构
organization,机构，组织
one-to-one,一对一地
blood,n.血，血统
south-west,n.西南方
north-west,n.西北方
project,n.项目，工程；课题
introduction,n.引言；介绍
disease,n.疾病
operation,n.手术
give a helping hand,助…一臂之力
survivor,n.幸存者
especially,adv.特别，尤其
basic,adj.基础的，基本的
education,n.教育
equal,adj.平等的
right,n.权利
spread,n.扩散；分布；展开
interviewer,n.来访者
blindness,n.失明
mostly,adv.主要地，大部分地
case,n.病例；案列
cure,vt.治愈
medical,adj.医学的，医疗的
treatment,n.治疗
patient,n.病人
afford,vt.买得起；能做
go to hospital,去看病
on board,在飞机（船、火车）上
operate,vi.做手术
proud,adj.骄傲的，自豪的
reader,n.读者
medicine,n.医学；药
develop,vi.发展；加强
treat,vt.治疗；处理
carry on,继续开展，继续下去
leaflet,n.传单；散页印刷品
hand out,分发；提出
hold,vt.容纳 v.拿住,握住,保留
set,vi.&vt.设置;放置，安置
set up,建起，设立
including,prep.包括，包含
war,n.战争
organize,组织
pale,adj.苍白的
matter,n.事情，问题，物质，素材
check,n.检查
secretary,n.秘书
make up one's mind,决定
India,n.印度
officer,n.官员
dig,vi. &vt.挖（洞，沟等）
serious,adj.认真的，严肃的
breadfruit,n.面包果
reduce,vi. &vt.减少，降低
turn off,关掉（开关），切断
recycle,vt.回收利用，循环利用
cause,vt.导致，造成
wise,adj.明智的，充满智慧的
plastic,n.塑料
separate,vi. &vt.分开，隔开
recycling,n.回收利用，循环利用
allow,vt.允许
cut down,砍倒
punish,vt.处罚，惩罚
fine,vt.罚款 adj.美好(优秀)的
limit,vt.限制
depend,vi.依靠，依赖，指望
depend on/upon,依靠；取决于
rich,adj.丰富的；富有的
resource,n.资源
wisely,adv.明智地，充满智慧地
run out,用完，耗尽
produce,vt.导致，产生
difference,n.差异，不同（之处）
make a difference (to sb/sth),（对…）有影响，起作用
display,vt.&vi.展示；陈列
pollute,vt.污染
harm,vt.伤害；损害
living,adj.活着的，活的
survey,n.调查
empty,adj.空的
dust,n.灰尘，尘土
harmful,adj.有害的
soil,n.土壤
in place,在正确位置
coal,n.煤
oil,n.石油；原油；食用油
gas,n.气体；煤气
form,vt.&vi.形成
carelessly,adv.满不在乎地；粗心地
reuse,vt.再使用
simple,adj.简单的
step,n.步骤
power,n.电力；力量
eat up,吃光
creative,adj.创造力的;创造性的
curious,adj.好奇的
energetic,adj.精力充沛的
modest,adj.谦虚的
organized,adj.有条理的;有效率的
order,n.顺序
keep ...in order,使……保持井然有序
show off,炫耀
grammar,n.语法
come up with,想出(主意)
neither,conj.(否定句)两者之一不
nor,conj.也不
neither ... nor ...,既不……也不……
accountant,n.会计
born,adj.天生的
impress,vt.给. . . 留下印象
sculpture,n.雕塑，雕像
praise,n.赞扬，表扬
sales department,销售部
general,adj.总的，普遍的
race,n.竞赛，赛跑
either ... Or ...,不是…就是…,或…或…
lead,vt.领导，引导
take the lead,处于领先地位
fall behind,落后
challenge,n.挑战
chief,adj.主要的，首要的
high-spend,高速的
connect,vt.连接
connect to/with,与……相连，连接
miss,n.错误，过失
as good as,和…几乎一样，实际上等于
attention,n.注意，专心
pay attention to,注意
standard,n.标准
pioneer,n.先锋，开拓者
surgeon,n.外科大夫
carelessness,n.粗心
extra,adj.额外的;附加的
devote,vt.把…贡献,把…专用于
respect,vt.尊敬，尊重
suitable,adj.合适的;适宜的
partner,搭档，合作伙伴
impatient,adj.不耐烦的，急躁的
think twice (about sth),三思而行
do the dishes,洗碗
lunar,adj.月球的
calendar,n.日历，挂历
animal sign,n.生肖
represent,vt.代表;象征
appear,vi.出现
fixed,adj.固定的
cycle,n.循环
powerful,adj.有力的;强大的
lively,adj.活泼的;生气勃勃的
practical,adj.实际的
loyal,adj.忠诚的
in all,总共，总计
star sign,n.星座
divide,vi.&vt.分开，分
divide ... into ...,把……分成……
shape,vt.使成形，塑造
speech,n.演说,讲话,发言;台词
absent,缺席的
monitor,n.班长
position,n.职位;位置;名次
agree with sb,同意某人（的看法）
indigo,n.靛蓝，靛青
violet,n.紫罗兰色
rainbow,n.彩虹
mood,心情，情绪
influence,vt.影响
whether,conj.是否,不管是…(或是)
characteristic,特征；品质
calm,adj.平静的，沉着的
relaxed,adj.放松的，自在的
peace,安宁；和平；和睦
sadness,n.悲哀，忧伤
purity,n.纯洁
wedding,n.婚礼，结婚庆典
prefer,vi.宁愿选择，更喜欢
create,vi.造成,引起;创造,创建
feeling,感觉，感受
cheer up,使振作起来
remind,vt.提醒;使想起
wisdom,n.智慧
as,由于,像…一样,当…时
envy,n.妒忌;羡慕
green with envy,妒忌的,眼红的,充满妒忌
require,vt.需要，要求
strength,n.力量
heat,n.热
difficulty,n.困难;费力
have difficulty (in) doing sth,做某事费劲
decision,n.决定
relationship,n.关系
certainly,adv.必定地，无疑地
everyday,adj.每天的;日常的
personal,adj.个人的;私人的
suit,vt.适合
celebration,n.庆祝：庆祝活动
ancient,adj.古代的，古老的
therapy,n.疗法;治疗
discover,vt.发现，发觉
teens,n.十几岁(13至19岁之间)
promise,vt.&vi.承诺，允诺
or,conj.否则
work,vt.vi.使工作;使运作;操作
practise,vt.从事，执业
stressed,adj.紧张的，有压力的
suggest,vt.建议
would rather,宁愿，更喜欢
trust,n.信任
calm,adj.平静的，沉着的
warmth,n.温暖,暖和;热情
handbag,n.女用皮包，手提包
match,n.相配;般配
balance,vt.使…平衡
teenage,adj.青少年的
mark,n.记号;斑点；vt.作记号
mad,adj.发疯的;生气的
drive sb mad,使人受不了
exam,n.考试，测试
perhaps,adv.或许，可能
deal,vi.处理
deal with,处理，对付
choice,n.选择
but,conj.&prep除…外;只有
stay up,熬夜
awake,adj.醒着的
hardly,adv.几乎不
imagine,vt.&vi.想象，设想
doubt,vt.怀疑
worth,adj.值得;值…钱
be worth doing sth,值得做某事
suggestion,n.建议
cause,n.原因
strict,adj.严格的，严厉的
be strict with sb,对某人要求严格
stay out,待在户外：（晚上）不回家
schoolwork,n.课业，学业，功课
valuable,adj.宝贵的;贵重的
friendship,n.友谊
list,n.清单
work out,算出，解决，慢慢地想出
according to,根据
whom,pron.谁（宾语）
silence,n.安静,寂静;沉静
worry,n.担心：令人担忧的事
method,n.方法
solve,vt. 解决;解答
dictionary,n.字典
youth worker,青少年辅导员
reply,n.答复，回答
chemistry,n.化学
laugh at,嘲笑
bookworm,n.书虫，书呆子
progress,n.进展，进步
worried,adj.担心的，烦恼的
go over,复习,回顾
aloud,adv.大声地，出声地
pronounce,vt.发音
correctly,adv.正确地
pronunciation,n.发音
mention,vt.提及;说起
don't mention it,不客气
stress,n.精神压力，紧张
be of sb's age,与……同龄的
on one's mind,挂在心上；惦念
time,n.时期，时代
whenever,conj.无论何时
through,以,凭借,透过,经由,通过
as soon as,一…就
deal,n.很多；vi.处理;惩处
a great deal (of),大量，许多
junior,初级的
junior high,n.初级中学
try out for sth,参加…选拔（或试选）
lose heart,泄气,灰心
score,vt.得分
senior,高级的
senior high,n.高级中学
stand,n.看台
change one's mind,改变主意
leader,n.领导者
name,vt.命名
university,n.大学
simply,仅仅；简直
junior college,＜美＞两年制专科学校
national,adj.国家的
championship,n.锦标赛，大赛
succeed,vi.成功
succeed in doing sth,成功地做某事
scholarship,n.奖学金
although,conj.尽管，虽然
graduate,vi.毕业
force,vt.强迫，迫使
league,n.联盟，社团
remain,vi.逗留;保持不变
take notice of,注意，察觉
achievement,n.成就，成绩
prove,vt.证明
matter,要紧，有重大影响，有关系
career,n.生涯，职业
against,对抗;与…相反;对…不利
break out,爆发
record,n.记录
symbol,n.象征
victory,n.胜利
spirit,n.精神;幽灵;灵魂
Jew,n.犹太人
go into hiding,躲起来
Nazi,adj.纳粹的
die of/from,死于
German,adj.德国（人）的
Nazi,adj.纳粹的
thought,n.想法，看法，主意
survive,vt.&vi.幸存，生存
admire,vt.钦佩，羡慕
courage,n.勇气
in fear of one's life,为生命安全担忧
unusual,adj.不寻常的
cell,n.细胞
cancer,n.癌症
surprise,n.惊奇，诧异
to one's surprise,令某人惊奇的是
research,n.研究;调查
death,n.死，死亡
pleasant,令人愉快的
drama,n.戏剧；戏剧性事件
photography,n.照相术，摄影
art form,艺术形式
pop,n.流行音乐
musical,adj.音乐的
talent,n.天赋，才能
boundary,n.边界，疆界，界限
medal,奖牌，奖章
present,n.现在;礼物 vt.提出;出现
winner,n.获胜者
composer,n.作曲家
central,adj.中心的，中央的
instrument,n.乐器；工具；器械
common,adj.普通的,一般的,常见的
object,n.物品，对象，目标，东西
stone,n.石头
musician,n.音乐家
be known/famous for,因……而著名
control,vt.控制，支配
flow,n.流动
successfully,adv.成功地
traditional,adj.传统的
bell,n.钟，铃
though,conj.虽然，尽管
dividing line,分界线；界限
highly,adv.高度地；高地
breath,n.呼吸
out of breath,上气不接下气
last,vi.持续
concert,n.音乐会
folk,n.人们，亲属；民间音乐
country music,n.乡村音乐
jazz,n.爵士乐
rock,n.摇滚乐
country,n.乡下，乡村
cowboy,n.牛仔
guitar,n.吉他
lasting,adj.持久的
value,n.价值
drum,n.鼓
African,adj.非洲（人）的
American,n.美国人
African American,n.（非洲裔）美国黑人
make up,编；编造
local colour,n.地方特色
tonight,adv.今晚
literature,n.文学
praise,vt.赞扬，表扬
gift,n.天赋，才能，礼物，赠品
have a gift for,对…有天赋
mark,n.污点，斑点
encourage,鼓励；劝告
done,adj.完毕，结束
chat show,n.访谈节目
comedy,n.喜剧
documentary,n.纪录片
drama series,n.系列剧
game show,n.游戏表演，竞赛节目
real-life,adj.真实生活的
dialogue,n.对话
round-up,n.（尤指新闻）概要，摘要
up-to-date,adj.最新的；现代的
fan,n.迷，狂热爱好者
a number of,一些
coming,adj.即将来临的
cover,vt.遮盖;掩蔽;涉及;洒上
live,有生命的,活的,现场直播的
Asian,adj.亚洲(人)的
vote,vi.投票，选举
music video,n.音乐视频
announce,vt.宣布，宣告
text message,短信，短消息
murder,n.谋杀
murderer,杀人犯，凶手
horror,n.恐怖
direct,vt.导演；指导
director,n.导演
wealthy,adj.富有的
mystery,n.神秘；悬疑故事
might,或许，可能
scared,adj.害怕，恐惧
unless,conj.除非
animal-lover,喜欢动物的人
scene,n.场景；现场
latest,adj.最新的；最近的
record,vt.录制,录(像),录(音)
attack,vt.攻击，进攻
polar,北极
polar bear,n.北极熊
male,adj.雄性的；男（性）的
studio,n.摄影棚；录音室
minibus,n.小型公共汽车，中巴
view,vt.观看
silly,adj.傻的；愚蠢的
waste,n.浪费
twin,n.双胞胎之一
burglar,n.入室窃贼
gun,n.枪
superstar,n.超级明星
in your dreams,你做梦，你妄想
so ... that,如此……以至于
action film,n.动作片
romantic,adj.浪漫的
science fiction,科幻电影；科幻小说
western,n.西部电影；西部小说
industry,n.工业；产业
such ... that,如此……以至于
storyteller,n.讲故事的人
script,n.剧本
all-time,一向的;空前的;全部时间的
actress,n.女演员
loss,n.丧失，损失；失败
humanitarian,n.人道主义者
ballet,n.芭蕾舞；芭蕾舞剧
dancer,n.舞蹈者
charm,n.魅力
catch one's attention,吸引某人的注意
insist,vt.&vi.坚持认为；坚持
lead,n.主角，扮演主角的演员
role,n.角色
base,n.以…为基础
major,adj.主要的；较大的
mark,vt.表明；标志；记号
play the role of,扮演…的角色
princess,n.公主
lifetime,n.终生，一生
nomination,n.提名
final,adj.最终的，最后的
appearance,n.出现，露面；外貌
angel,n.天使
beyond,prep.超出，除…之外
effort,n.努力；艰难的尝试
pass away,（委婉语）去世
peacefully,adv.宁静地；和平地
attractive,adj.漂亮的，有吸引力的
rush hour,n.交通高峰期
park,停车
car park,停车场
row,n.（一）排，（一）行
amazed,adj.大为惊奇
mistake,vt.误以为
mistake...for...,把……误以为……
kung fu,功夫
DVD,n.数码影碟
actor,n.演员
tale,n.故事；讲述，叙述
dinosaur,n.恐龙
fall in love with sb,爱上某人
special offer,n.特价优惠
cancel,vt.取消；终止
neither,也不
stupid,adj.愚蠢的
stuntman,n.特技替身演员
consider,vt.认为；考虑
detective,n.侦探，警探
clue,n.线索
missing,adj.缺少的；丢失的
murder,vt.谋杀，杀害
suspect,n.犯罪嫌疑人
medium,adj.中等的
untidy,adj.不整洁的
guilty,adj.有罪的
truth,n.事实，真相
guess,vt.猜，猜测
lie,vi.说谎
confirm,vt.证实，确认
victim,n.受害者，罹难者
crime,n.犯罪活动；罪行
somewhere,adv.在某处
contact,vt.联系
wound,vt.使…受伤
bleed,vi.流血，出血
enemy,n.仇人，敌人，反对者
single,adj.单身的；单个的
well-paid,adj.收入高的
charge,vt.指控,控告,(使)充电
break into,强行闯入
system,n.系统
suppose,vt.猜想，假定，料想
only,adj.仅有的，唯一的
witness,n.目击者；证人
report,vt.举报，报告
breathe,vi.&vt.呼吸
heavily,adv.沉重地；猛烈地
reward,n.报酬，奖金
arrest,n.逮捕
couple,n.夫妇，一对
fingerprint,n.指纹，手印
probably,adv.大概，或许
criminal,adj.犯罪的，犯法的
female,adj.女（性）的；雌性的
boss,n.老板，上司
commit,犯（罪）
turn out,原来是,结果是,关掉,撵走
have nothing to do with,与…无关
hurry,n.急忙，匆忙
in a hurry,急忙，赶快
kidnapping,n.绑架，劫持
wealth,n.财富
prison,n.监狱
in prison,坐牢
kidnap,vt.绑架，劫持
safety,n.安全，保险
lock,vt.锁
shut,vt.关上，封闭；合拢
guard,守卫，保卫
guard against sth,防范，提防（某事）
necklace,n.项链
theft,n.偷窃
get along/on with,与……和睦相处
jewellery,n.珠宝
steal,vt.偷，窃取
tiring,adj.使人疲劳的，累人的
step,n.台阶,梯级
Chinese knot,中国结
Chinese opera,中国戏曲
Chinese paper-cutting,中国剪纸
chopsticks,n.筷子
dragon dance,舞龙
middle,n.中间，中央
in the middle of,在……中间
emperor,皇帝
raising,n.升高
flag,n.旗帜
landscape,风景；地形
attraction,向往的地方；吸引
watchtower,瞭望塔
wonder,n.奇迹
lie,n.位于
shape,n.形状，外形
underground,adj.地面下的，地下的
cave,洞穴
hang,vi.&vt.垂下，悬挂
point,vi.指，指向
upwards,向上
hire,租用；雇用
eastern,adj.东部的，东方的
south-east,东南方
location,地点，方位
take up,占据(空间)，占用(时间)
quarter,n.四分之一
either,两者之一
lever,水平
service,n.服务，工作
Japanese,日本（人）的
state,n.国家，州
Hindi,印地语
billion,十亿
population,n.人口
iron,铁
IT,信息技术
technology,n.技术
custom,风俗，习俗
fair,n.集市，庙会，展览会
sari,莎丽（印度妇女民族服饰）
Indian,adj.印度人的
inventor,n.发明者
invent,vt.发明
explorer,探险者；考察者
South African,南非人
fighter,n.斗士，战斗者
invention,n.发明物，创意
Italian,意大利人
European,n.欧洲人
Russian,n. 俄罗斯人
pilot,n.飞行员
licence,执照，许可证
navy,海军
serve,vi.&vt.服役；服务
test,测试；检验
aircraft,飞机，航空器
astronaut,宇航员
spacecraft,(单复同)宇宙飞船,航天器
spin,快速旋转
control,n.控制，支配
out of control,脱离控制
order,vt.命令，指挥，要求
cut ... short,缩短
Pacific,adj.太平洋的
ocean,n. 海洋
land,vi.&vt.使着陆，降落
step,n.&vi.一步，步，跨步
giant,巨大的；伟大的
leap,跳跃；跃升
mankind,人类
step,n.&vi.一步，步，跨步
surface,n.表面，表层
further,更多的，更进一步的
citizen,公民；市民
pride,骄傲,引以为豪的人(或事)
passage,n.章节，乐段
by hand,手工
mathematics,数学
scientist,n.科学家
radium,镭
laboratory,n.实验室
professor,教授
discovery,n.发现，发现物
unknown,未知的；不出名的
widely,adv.广泛地，普遍地
hybrid,杂交的
title,标题；职位名称
agriculture,农业
hunger,饥饿
happen to,碰巧
advantage,n.优势，有利条件
at present,现在，目前
contribution,贡献
increase,vt.增加
production,生产；产量
development,n.发展
robot,vt.机器人
post,vt.邮寄
explore,探索；探讨
outer space,太空
brain,n.大脑
whatever,pron.任何，一切事物
order,点菜,订购,命令,有效安排
suit,套装
smoothly,adv.平整地，顺利地
iron,熨烫
in general,总的来说；大体上
satisfy,vt.满足，使 …满意
need,n.需要
virus,病毒
no longer,不再
properly,adv.正确地，适当地
complete,adj.完全的，彻底的
mess,n.乱七八糟，混乱，困境
lay,vt.放，搁
store,vt.储藏，存储
coin,n.硬币
bill,n.账单；钞票
private,adj.私人的
paper,n.文件，证明
spread,vt.使散开；扩散
wheel,n.轮子，车轮
pill,药片；药丸
unsure,adj.不确定，没把握
forgetful,健忘的
stair,楼梯
battery,电池
customer,n.消费者，顾客
hold,vi.(打电话时)等待,不挂断
through,adv.（电话）接通者
put through,给…接通（电话）
satisfied,adj.满意的，满足的
be satisfied with,对…感到满意
first of all,首先
quality,质量
up to standard,达到标准
completely,adv.完全地
regret,后悔；遗憾
product,成品，成果
Mars,火星
helmet,头盔
air tank,氧气罐
dried food,干粮
power pack,电源包
sleeping bag,睡袋
gravity,重力
planet,n.行星
crowded,拥挤的
polluted,adj.被污染的
rapid,adj.快的，迅速的
increase,n.增加
(all) over again,再；重新
over again,再；重新
passenger,n.乘客
at a/the speed of,以……的速度
uncomfortable,adj.使不舒服的;不舒适的
oxygen,氧气
in the form of,以…的形式
tasty,味道好的
specially,adv.专门地，特地
float,飘浮；漂浮
compare,vt.比较
compare to/with,与……相比
interplanetary,行星间的
network,网络
challenging,挑战性的
rapidly,adv.快地，迅速地
aware,知道，意识到
circle,vt.围绕；将…圈起来
agreement,一致，同意
distance,距离；远处
possibility,可能性
alien,外星人
stranger,外来者，陌生人
carry out,开展；执行
percentage,百分率；百分数
disadvantage,劣势，缺点，不利条件
risk,n.风险，危险
after all,毕竟
goods,（复）商品，货品
electronic,adj.电子的
entertainment,娱乐
potential,n.潜力;可能性 a.潜在的
senior,a.中学的;级别高的;老年的
path,n.道路;小路;成功的途径
challenge,n.&vt.挑战;质疑
thinking,n.思维,思想;想法
positive,a.积极乐观的;良好的
opportunity,n.机会,时机
lie in,存在于,在于
rise to,能够处理
acquire,vt.获得,得到
effort,n.努力,费力的事;试图
advance,n.&v.进步,进展;前进
amazing,a.令人惊奇的,令人惊喜的
confidence,n.信心,信任;把握
make a difference,起作用,有影响
make the most of,充分利用,尽情享受
resource,n.资源;资料;谋略
take advantage of,利用
facility,n.设施,设备;场所
equal,a.&n.相等的(人/物) v.相等
attitude,n.态度,看法
goal,n.目标;进球得分
balance,vt.同等重视 n.均衡,平衡
improve,vt.&vi.改进,改善
last but not least,最后但同样重要的
well-rounded,a.全面发展的;面面俱到的
individual,n.个人 a.单独的,个别的
character,n.品质,性格;特点;人物
responsible,a.有责任,负责;可靠的
ahead,ad.(时间,空间)向前;提前
junior,a.地位/级别低的;青少年的
forward,ad.向将来;向前;进展
look forward to,盼望,期待
independent,a.自主的,有主见的;自立的
focus,n.焦点,重点 vt.&vi.集中
detail,n.细节;具体情况
as a result of,由于
tip,n.指点,实用的提示;尖端
base,vt.以…为基础 n.根据;基础
remind,vt.提醒,使想起
stick to,坚持;固守,维持
proposal,n.提议,建议,动议
aim,n.目的,目标 v.力争做到
style,n.风格;方式;样式
technique,n.技巧,技艺;技能
workshop,n.研讨会,讲习班;车间
professional,a.职业的,专业的 n.专业人士
material,n.材料;素材 a.物质的
poster,n.海报;BBS发布消息的人
secondary,a.中学的;次要的
exchange,?n.&vt.交换;交流;兑换
host,n.主人;东道主 vt.主办
a.m.,上午,午前
p.m.,下午,午后
biology,n.生物学
tough,a.艰难的;严厉的;坚强的
alarm,n.闹钟;恐慌;警报 vt.惊恐
contribution,n.贡献;捐款;捐赠
fortunately,ad.幸运地,幸亏
over time,随着时间流逝,久而久之
option,n.可选择的事物,选择
butter,n.黄油
pudding,n.甜点;布丁
attract,vt.吸引,使喜爱;招引
rugby,n.橄榄球运动
calligraphy,n.书法,书法艺术
nest,n.鸟窝;巢穴,窝
roof,n.屋顶,顶部
battle,n.&v.争论;战斗,搏斗;斗争
see eye to eye with sb. on sth.,(在某事)与某人看法一致
argument,n.争吵,争论;论点
teenager,n.青少年
tension,n.紧张关系;紧张;拉伸
anxious,a.忧虑的,担心的;焦虑的
rate,n.速度;率 v.评价,评估
shoot,v.(朝某方向)冲,奔;射击
shoot up,快速长高,蹿个儿
spot,n.粉刺;斑点;污渍
target,n.(攻击的)目标;靶子
anger,n.怒气,怒火
mental,a.思想的,精神的,智力的
adult,n.成年人
desire,n.&vt.渴望,愿望
struggle,vi.&n.奋斗;斗争;搏斗
rough,a.艰难的;粗糙的;不确切的
breakdown,n.(关系)破裂;故障
regular,a.频繁的;有规律的
calm,vt.使平静,使镇静 a.镇静的
calm down,平静,镇静,安静
view,n.看法;视线 vt.把…视为
from one's point of view,从某人的角度/观点出发
think sth. through,充分考虑,全盘考虑,想透
concern,n.担心,忧虑;关心 vt.涉及
back down,承认错误,认输
normal,a.正常的,一般的 n.常态
stress,n.&v.精神压力,紧张;强调
editor,n.主编,编辑;剪辑师
argue,vi.争吵,争辩 vt.说理,论证
skin,n.皮肤;(兽)皮,毛皮
design,vt.设计;制订 n.设计
forum,n.论坛,讨论会
expert,n.专家,行家 a.熟练的
likely,a.可能的,预料的,有希望的
unique,a.独一无二的;独特的
passive,a.消极的,被动的
performance,n.表现;表演;执行,履行
cheer up,(使)变得高兴,振奋起来
press,v.催促,逼迫;按,压 n.报刊
the press,新闻工作者,新闻界
eager,a.热切的,渴望的,渴求的
youth,a.青年时期;青春
the youth,年轻人
adventure,n.冒险,冒险经历,奇遇
be on sb.'s back about sth.,缠磨,烦扰
kangaroo,n.袋鼠
flexible,a.灵活的,可变动的;柔韧的
account,n.账户;描述 vt.认为是
rent,n.租金 v.租用;出租
grocery,n.食品杂货;食品杂货店
secure,a.安心的;可靠的;牢固的
graduate,vi.&vt.毕业 n.毕业生
gather,vi.聚集,集合 vt.收拢;搜集
emergency,n.突发事件,紧急情况
volunteer,v.主动建议;自愿 n.志愿者
pipe,n.烟斗;管子;管乐器
figure,n.数字;人物;体型,身材
downtown,ad.在市中心,往市中心
draw sth. out of sth.,提取,支取
operation,n.手术;运转,操作
lap,n.大腿部
teller,n.出纳员;叙述者
scene,n.(戏剧等)场;场面,片段
flat,n.公寓 a.平坦的;瘪了的
response,n.回复;反应,响应
on the rocks,(关系)陷于困境,濒临崩溃
awkward,a.局促不安的;令人尴尬的
sight,n.视野;视力;看见
out of one's sight,脱离某人的视线
original,a.起初的;独创的;原作的
medium,n.媒介,方法;手段 a.中等的
social media,社交媒体
make it,能够出席;准时到达
horrible,a.令人震惊的;可恶的
chat,vi.&n.聊天,闲聊
cafe,n.咖啡馆,小餐馆
recover,vi.恢复健康 vt.全额收回
respond,v.回答,回应;作出反应
loss,n.失去,丧失;亏损;去世
at a loss,不知所措,困惑
judge,v.评价,(尤指)批评 n.法官
in the wrong,有错,应承担责任
apologize,vi.道歉,谢罪
behaviour,n.行为,举止,态度
case,n.具体情况;案件;容器
in any case,无论如何,不管怎样
frank,a.坦率的,直率的
definitely,ad.肯定,确实;确切地
trick,vt.欺骗,欺诈 n.诡计,花招
let go of,放弃,摒弃;松手,放开
ignore,vt.忽视,对…不予理会
suffer,vi.受苦,受折磨 vt.遭受
misunderstand,vt.&vi.误解,误会
contact,vt.&n.联系,联络
explode,v.(感情)爆发,迸发;爆炸
generous,a.宽宏大量的,仁慈的
count on,依赖,依靠,指望
eat away at,腐蚀,侵蚀,逐渐破坏
shallow,a.肤浅的,浅薄的;浅的
blog,n.博客,网志
come between ... and ...,损害…之间的关系,离间
in person,亲自,亲身
theme,n.主题;主旋律
slave,n.奴隶
raft,n.木排,筏
high point,最有意思(或最好)的部分
through thick and thin,不顾艰难险阻,同甘共苦
opinion,n.意见,看法;(群体的)观点
in one's opinion,在某人看来
quality,n.品德,素质 a.优质的
basis,n.基础;原因;基准
respect,vt.尊重,尊敬 n.尊敬,敬意
get over,克服;恢复常态
efficient,a.效率高的,有功效的
extra,a.额外的,分外的 ad.额外
bring out,使显现,使表现出
measure,vt.估量,判定 n.措施;衡量
reflection,n.沉思;反射;映像;反映
seek,vi.试图;寻找;争取 vt.寻求
escape,v.逃跑,逃脱;避开 n.逃离
smooth out,消除(问题),克服(困难)
be meant to do sth.,注定要做某事,应做某事
benefit,n.优势,益处 vt.使受益
comfort,vt.宽慰,抚慰 n.舒服;安慰
joy,n.高兴,愉快;令人高兴的人
failure,n.失败;失败的人(或事)
take on,呈现,具有
in full measure,最大程度地,最大限度地
moment,n.时光,时机;瞬间;某个时刻
indeed,ad.其实,实际上;的确
well-meaning,a.出于好心的,善意的
recognize,vt.承认,意识到;认出
thorough,a.彻底的,全面的;仔细的
death,n.死,死亡;死亡状态
company,n.陪伴,作伴;公司
crowd,n.一伙人;人群 vt.挤满
poet,n.诗人
admire,vt.钦佩;欣赏
wine,n.葡萄酒;果酒
skip,vt.不做(应做的事等);跳过
yogurt,n.酸奶
faint,vi.昏厥 a.昏眩的;微弱的
pass out,昏迷,失去知觉
immediately,ad.立即,马上 conj.一…就
concentrate,v.集中(注意力等);全神贯注
sex,n.性别
extreme,a.极端的;严重的
slim,vi.变苗条,减肥 a.苗条的
slim down,变苗条,减肥
percent,n.百分之…
concerned,a.担心的,忧虑的;关注的
effect,n.效果,作用;影响
side effect,副作用
prove,v.后来被发现是 vt.证明
slightly,ad.稍微,略微
diet,n.节食;日常饮食 vi.节食
nutrition,n.营养
function,vi.起作用,正常工作 n.作用
take in,摄入,吸收
energetic,a.精力充沛的,充满活力的
effective,a.有效的;生效的
get into shape,强身健体
frightened,a.害怕的,惊吓的,受惊的
within,prep.在(时间/距离)之内
rather,ad.相反,而是;相当
aspect,n.方面,层面
pressure,n.心理压力,紧张;压力
contribute,v.是…原因之一;捐赠,捐献
contribute to,促成,造成
in the short term,从短期看
in the long term,从长期看
memory,n.记忆力,记性;记忆,回忆
attack,n.发作;攻击 v.攻击;侵袭
amount,n.数量
schedule,n.日程安排;时间表
negative,a.消极的,负面的;坏的
plastic,a.可塑的;塑料的 n.塑料
surgery,n.外科手术
plastic surgery,整形手术;整形外科
campus,n.(大学/学院)校园,校区
treatment,n.治疗;对待,待遇;处理
guy,n.小伙子,家伙
addition,n.增加,添加;加法
in addition,此外
saying,n.格言,谚语,警句
hang over,使忧心忡忡,担心可能发生
jeans,n.牛仔裤
male,a.男性的;雄性的 n.男性
female,a.女性的;雌性的 n.女性
guard against,防范,防止,提防
beauty,n.美,美丽;美人,美好的东西
fight a losing battle,打一场无望取胜的仗
live up to,达到,符合,不辜负
end up,最终成为,最终处于
fashion,n.时尚,时兴;流行款式
shadow,n.阴影,影子;昏暗处
digital,a.数码的,数字的
series,n.一系列,连续
show off,显示,展示;炫耀,卖弄
external,a.外来的,外在的;外面的
strength,n.优势;力气,力量;实力
talent,n.天资,天赋;人才,天才
piano,n.钢琴
take pride in,为…自豪,为…骄傲
content,n.内容;目录
individuality,n.个性,个人特征
achievement,n.成就,成绩;达到,完成
app,n.应用程序,应用软件
type,n.类型,种类 vt.&vi.打字
comedy,n.喜剧片,喜剧
documentary,n.纪录片 a.文件的;纪录的
fantasy,n.幻想作品;幻想,想象
horror,n.恐怖电影(或故事);震惊
romance,n.爱情故事;浪漫史;爱情
fiction,n.小说;虚构的事
science fiction,科幻电影(或小说等)
behind the scenes,在后台,在幕后
actually,ad.实际上,事实上
brief,a.简洁的,简单的;短时间的
familiar,a.熟悉的,常见的
factor,n.因素,要素
dinosaur,n.恐龙
roar,n.&vi.咆哮,吼叫
sheet,n.一张(纸);床单,被单;薄片
envelope,n.信封
attach,vt.认为有重要性,重视;附上
visual,a.视力的,视觉的
frequently,ad.频繁地,经常
studio,n.电影摄影棚;录音室
enable,vt.使能够,使可行
aid,n.,vt.&vi.帮助;援助
prefer,vt.较喜欢,更喜欢
creative,a.创造性的,创作的
approach,n.方法;接近 vt.接近,靠近
angle,n.角度;立场,观点
prop,n.道具;支柱,支撑物
revise,vt.改变,修改;修订;复习
historian,n.史学工作者,历史学家
ensure,vt.保证,确保
Atlantic,a.大西洋的
ocean,n.大洋,海洋
not to mention,更不用说,且不说
lecture,n.讲座,演讲 vi.开讲座
justice,n.公平,公正;公道,合理
do justice to,恰当处理(某人或某事)
iceberg,n.冰山
dragon,n.龙
award,n.奖,奖品 vi.授予,给予
audience,n.观众,听众
perform,vi,表演;工作 vt,表演;做
location,n.外景拍摄地;地方,地点
in addition to,除…以外(还)
martial,a.战争的,军事的
martial art,武术
desert,n.沙漠,荒漠
jungle,n.丛林,密林
title,n.名称,标题;称号
adapt,vt.改编,改写 vi.适应
regard,vt.将…认为,看待;注视
classic,n.经典作品,名著 a.经典的
super,a.极好的,了不起的,超级的
solution,n.解决方法,处理手段;答案
onto,prep.向,朝
system,n.系统;制度,体制
cure,n.药物,疗法;治疗 vt.治好
eventually,ad.最后,终于
typical,a.典型的,有代表性的
fancy,a.复杂的;花哨的 vt.想要
narrow,a.狭窄的;勉强的 v.使窄小
recommend,vt.推荐,举荐;劝告,建议
personality,n.性格,个性;气质
despite,prep.即使,尽管
major,a.主要的,重要的
event,n.事件;活动
pull up,停车,停止
wave,vi.&v.挥手,招手 n,海浪
recollect,vt.&vi.记起,回忆起
recall,vt.&vi.以回想,回忆起
angel,n.天使;善人
dandy,a.非常好的,极佳的
crooked,a.不直的,弯曲的
arrow,n.箭;箭头
pea,n.豌豆
soccer,n.<美>足球运动
bat,n.蝙蝠;球棒 v.用球棒击球
skydiving,n.跳伞运动
congratulation,n.祝贺,恭喜;贺辞;恭贺
assume,vt.假定,认为;承担(责任)
do wonders,创造奇迹,产生神奇作用
lung,n.肺
over the long term,长期
tend,vi.往往会;趋向 vt.照看
immune,a.有免疫力;不受影响的
disease,n.病,疾病
moreover,ad.此外,而且
reduce,vt.减少,缩小
routine,n.常规,惯例 a.常规的
muscle,n.肌肉,肌
aerobic,a.有氧的;需氧的
jogging,n.慢跑锻炼
skiing,n.滑雪(运动)
pull-up,n.引体向上
bone,n.骨头,骨
gymnastics,n.体操,体操训练
tai chi,n.太极拳,太极
stretch,vt.&vi.伸展,舒展;拉长
range,n.(变动)范围,界限,区间
movement,n.活动,转动;移动;运动
stick with,持续,坚持
petrol,n.汽油
carbohydrate,n.碳水化合物,糖类
energy,n.能,能量;精力;能源
protein,n.蛋白质
average,n.平均水平 a.平均的
throughout,prep.自始至终;各处,遍及
make up for,弥补,补偿
sweat,n.汗水 v.出汗,流汗
injury,n.伤害,损伤
prevent,vt.阻止,阻碍
tissue,n.(细胞)组织;(作手帕)纸巾
equipment,n.设备;配备,装备
lack,n.缺乏,匮乏 v.没有,缺乏
maintain,vt.维持;维修,保养
announce,vt.宣布,宣告;通知
put finishing touches to,对…进行最后润色或修饰
update,vi.更新 n.最新消息
in response to,对…作出反应;对…的回复
replace,vt.用…替换;代替,取代
athlete,n.运动员
boxing,n.拳击运动
champion,n.冠军,第一名
court,n.球场;法院,法庭;宫廷
under the weather,略有不适,不舒服
plus,conj.而且,此外 prep.加;和
nearby,a.附近的,邻近的 ad.在附近
gym,n.健身房,体育馆
partner,n.搭档,同伴;伙伴;合伙人
position,n.处境;位置;姿势;观点
hesitate,vi.犹豫,迟疑
admit,vt.&vi.承认;招认;准许进入
inspire,vt.激励,鼓舞;启发思考
explore,vt.&vi.探究,探索;勘探
crane,n.鹤
rooster,n.雄鸡
inspiration,n.灵感;鼓舞人心的人/事
nowadays,ad.现今,现在
master,n.大师,能手 vt.精通,掌握
no wonder,不足为奇,并不奇怪
imitate,vt.模仿;仿效
ache,vi.&n.疼痛,隐痛
satisfaction,n.满意;满足,达到
root,vt.&vi.(使)生根 n.根,根茎
be rooted in,起源于
philosophy,n.哲学
unity,n.统一体,联合体,整体
exist,vi.存在;生活,生存
backwards,ad.向后;朝反方向
breathe,vi.&vt.呼吸;呼出
diagram,n.简图,图解,图表,示意图
wedding,n.婚礼,结婚庆典
ceremony,n.典礼,仪式
decorate,vt.&vi.装饰;点缀;粉刷
formal,a.(穿着等)适合正式场合的
tradition,n.传统,传统的信仰(或风俗)
bride,n.新娘
eye-catching,a.惹人注意的,引人注目的
sari,n.莎丽(南亚妇女裹身长巾)
custom,n.风俗,习俗;个人习惯
impression,n.印象,感想;影响,效果
bridegroom,n.新郎
entrance,n.进入,出场;人口;进入权
anything but,决不,根本不
ordinary,a.普通的,平常的;平庸的
romantic,a.浪漫的;爱情的
flight,n.班机,航班;航程;飞行
occasion,n.特殊场合,盛会;时刻
in the air,可感觉到;在传播中
merry,a.愉快的,高兴的
band,n.乐队,乐团;一伙,一帮
costume,n.戏装,装扮用服装
samba,n.桑巴舞,桑巴舞曲
twist,v.扭转,转动 n.转动;转折
clap,n.,vi.&vt.鼓掌,拍手
march,vi.齐步走,前进 n.游行示威
current,n.水流,潮流;电流 a.当前的
beer,n.啤酒
roast,vt.&vi.烘,烤,焙(肉等)
be caught up in,被卷人,陷入
annual,a.每年的,年度的;一年的
engine,n.发动机,引擎
fire engine,消防车
acid,n.酸 a.酸性的;酸味的
stuff,n.东西,物品;活儿 vt.填满
vehicle,n.交通工具,车辆;手段
earn,vt.&vi.赚得;获利;赢得
mirror,n.镜子
apartment,n.公寓套房
hunt,vi.&vt.寻找,搜寻;打猎
chain,n.链子,链条 vt.用锁链拴住
pass down,使世代相传,流传
income,n.收入,收益
per,prep.每,每一
comb,n.梳子;梳理(头发) vt.梳
package,n.包,盒;包裹 vt.将…包装
promote,vt.促进,推动;促销;提升
fall on,适逄,正当
lunar,a.月亮的,月球的
observe,vt.遵守;注意到;观察;庆祝
nation,n.民族,国家;国民
honour,n.&vt.尊敬,尊重;荣幸
in honour of,为向…表示敬意
generation,n.一代人;代,一代;产生
source,n.来源;起源;源头
identity,n.特性;身份
previous,a.先前的,以往的;稍前的
duty,n.责任,义务;上班,值班
precious,a.宝贵的,珍贵的;珍奇的
eve,n.前夜,前夕
china,n.瓷;瓷器
plate,n.盘子,碟子;板块;车牌
sort,n.种类,类别 vt.整理,分类
pork,n.猪肉
bite,n.(咬下的)一口;咬 v.咬,叮
select,vt.选择,挑选
settle,vi.&vt.定居;结束;解决
convenient,a.方便的,省事的,便利的
neat,a.整洁的,整齐的;有条理的
couplet,n.对联,对句
represent,vt.代表;为…代言;体现
midnight,n.午夜,子夜
snack,n.点心,小吃
set off,使爆炸
firecracker,n.鞭炮,爆竹
firework,n.烟火,烟花
fortune,n.机会,运气;巨款;命运
lantern,n.灯笼,提灯
riddle,n.谜,谜语
willow,n.柳,柳树
creep,vi.渐渐出现
tear,n.眼泪,泪珠 v.撕裂,撕碎
sleeve,n.袖子
devote oneself to,致力,专心,献身
earnest,a.非常认真的;诚实的
butterfly,n.蝴蝶
literature,n.文学,文学作品
shell,n.贝壳;壳
in store for sb.,即将发生(在某人身上)
appeal,vi.&n.有吸引力;申诉;呼吁
determine,vt.&vi.确定;支配;决心
significant,a.有重要意义的,显著的
description,n.描述,形容,说明
sensitive,a.感觉敏锐的;体贴的
soul,n.灵魂;心性,内心
reflect,v.反映,显示;映出(影像)
capable,a.有能力,有才能;能力强的
awaken,vt.&vi.唤起,被唤起;使醒来
launch,vt.使(船)下水;开始从事
permanence,n.永久,持久性
contain,vt.包含,含有,容纳
clement,n.要素,基本部分
universal,a.普遍的,共同的
summary,n.总结,概括,概要
in summary,总的来说
feature,n.特色,特征 vt.以…为特色
author,n.作者,作家
therefore,ad.因此,所以
issue,n.重要议题 vt.宣布,公布
novel,n.(长篇)小说
draw on,凭借,利用
upper,a.上部的;上面的
gap,n.差距;间隙
context,n.(事情发生的)背景,环境
specific,a.特定的;明确的,具体的
ought to,modal v.应该,应当
particular,a.特别的,格外的;特指的
in particular,尤其,特别
topic,n.话题;题目;标题
collection,n.(同类)收藏品;作品集
section,n.部分,部门;部件,散件
mean,a.吝啬的,小气的;刻薄的
transport,v.运输,运送 n.交通运输
turkey,n.火鸡;火鸡肉
generosity,n.慷慨,大方,宽宏大量
chapter,n.章节;篇章
poetry,n.诗集,诗歌
stage,n.舞台;阶段 vt.上演,举办
autobiography,n.自传
biography,n.传记,传记作品
extremely,ad.极其,非常,极端
destroy,vt.摧毁,毁灭,破坏
defeat,vt.击败,战胜 n.失败,战败
attempt,vt.&n.努力,尝试,试图
straighten,vt.挺直;(使)变直,变正
strain,n.用劲,使力;压力,拉力
alongside,ad.在…旁边;与…一起
accomplish,vt.完成
noble,a.贵族的,高贵的;崇高的
confused,a.糊涂的,迷惑的;不清楚的
clear up,(头脑)清醒;使整洁,清理
be on the point of doing sth.,正要做某事
weave,vi.&vt.迂回行进,穿行;编
mushy,a.糊状的,软而稠的
flash,n.闪光;闪现 v.(使)闪光
harm,n.&vt.伤害,损害
soil,n.土壤;国土,领土,土地
ecosystem,n.生态系统
overseas,a.海外的,国外的 ad.在海外
region,n.地区,区域;行政区
continent,n.大陆,陆地;洲
million,num.一百万;许多,大量
length,n.长,长度;时间的长短;篇幅
biodiversity,n.生物多样性
species,n.(pl.species)种,物种
nut,n.坚果
brazil nut ,巴西坚果
lily,n.百合(花)
water lily ,睡莲
variety,n.不同种类;变化,多样性
wildlife,n.野生动植物,野生生物
beneath,prep.在…下面,在…下方
mass,n.大量;团,块,堆 a.大批的
towering,a.高大的,高耸的;出色的
hardwood,n.阔叶树;硬材(阔叶树木材)
living,a.活着的,活的 n.生计,谋生
mammal,n.哺乳动物
jaguar,n.美洲豹,美洲虎
survive,vi.生存,存活 vt.幸存,幸免
frog,n.蛙,青蛙
in turn ,相应地,转而
insect,n.昆虫
microorganism,n.微生物
break down ,使分解(为),使变化(成)
nutrient,n.营养素,营养物
breathe life into ,给…带来起色,注入活力
carbon,n.碳
oxygen,n.氧,氧气
thus,ad.因此,从而;这样
disappear,vi.不复存在,灭绝,消亡
due to,由于,因为
agriculture,n.农业,农学
cattle,n.牛
impact,n.影响,作用;撞击 v.有影响
extinction,n.灭绝,绝种
damage,vt.&n.损害,伤害,损坏,破坏
climate,n.气候;倾向,风气
build up,逐渐增加,扩大
global,a.全球的;全面的
greenhouse,n.温室,暖房
gas,n.气体;煤气;汽油
drought,n.旱灾,久旱
come up with,想出,想到
call for,(公开)要求;需要
application,n.应用,运用;申请
brochure,n.小册子
organization,n.组织,团体;组织工作;安排
absolutely,ad.绝对地,完全地;极其
belt,n.地带,地区;腰带;传送带
medal,n.奖章,勋章
image,n.形象;图像;意象
shark,n.鲨鱼
spring to mind,突然记起(或想到)
whale,n.鲸
deer,n.(pl.deer) 鹿
track,v.跟踪,追踪 n.足迹,踪迹
habitat,n.生活环境,栖息地
nowhere,ad.无处,哪里都不
dolphin,n.海豚
resident,n.居民,住户
chief,n.首领,最高领导 a.主要的
committee,n.委员会
entirely,ad.完全地,全部地,完整地
smog,n.雾霾,烟雾
get rid of,摆脱,丢弃,扔掉
protest,v.&n.反对,抗议;坚持声称
profit,n.利润,收益 vi.&vt.获益
defence,n.辩护;防御,保护;防御物
various,a.各种不同的,各种各样的
process,n.过程,进程 vt.加工,处理
economic,a.经济(上)的;可赚钱的
policy,n.政策,方针;原则
branch,n.(政府)部门;分部;树枝
strategy,n.策略,行动计划;策划
recycle,vt.回收利用,再利用
subway,n.地铁;地下人行道
former,a.昔日的,前任的;以前的
official,n.官员,要员 a.公务的
poverty,n.贫穷,贫困;贫乏
poison,vt.污染;毒死 n.毒物,毒药
chemical,n.化学制品 a.化学的
consequence,n.结果,后果;重要性
give rise to ,使发生(或存在)
further,a.更多的 ad.较远,更远
county,n.郡,县
injure,vt.伤害,使受伤;损害
disaster,n.灾难,灾害;彻底失败
at large ,整个,全部
reaction,n.反应,回应;抗拒;化学反应
crash,n.碰撞声,破裂声 v.碰撞
signal,v.发信号,示意;标志 n.信号
exit,v.出去,离去;退出 n.出口
orderly,a.有秩序的,有条理的
stair,n.楼梯;梯级
roll,n.名单;卷;一管 v.翻滚
roll call,点名
confirm,vt.证实,确认;使确信;批准
safe and sound,安然无恙的
hug,vt.拥抱,搂抱;抱紧
procedure,n.程序,步骤,手续
tsunami,n.海啸
odd,a.奇怪的,怪异的;偶尔的
bubble,n.泡沫,泡,气泡
occur,vi.发生,出现;存在于
occur to,被想到,浮现在脑中
keep one's head,(在困境中)保持冷静
relief,n.宽慰,轻松;减轻,消除
typhoon,n.台风
destructive,a.引起破坏的,破坏性的
pole,n.柱,杆;极
inform,vt.了解,熟悉;通知
hurricane,n.飓风
conference,n.会议,研讨会;讨论,商谈
shock,n.震惊,惊愕 vt.使震惊
scare,v.惊吓,害怕 n.恐慌;惊吓
power,n.电,电力;权力;政权
run out of,用完,耗尽
supply,n.补给;供应量 vt.供应
donate,vt.捐赠,赠送;献(血)
charity,n.慈善机构;慈善,施舍;仁爱
staff,n.全体职工 vt.在…工作
slide,n.投影片;降低 v.滑行
fund,n.资金;基金
flood,n.洪水;大量 v.淹没,泛滥
downstairs,ad.在楼下,往楼下 n.楼下
document,n.文件,公文;(计算机)文档
honey,n.(爱称)亲爱的;蜂蜜
otherwise,ad.否则,不然;除此以外
curious,a.好奇的;奇特的
Roman,n.&a.古罗马(人)(的)
erupt,v.(火山)爆发;突然发生
unearth,vt.使出土,挖掘;发现,找到
destination,n.目的地,终点
bar,n.酒吧;小馆子 vt.封;阻挡
import,n.进口产品;输入 vt.进口
export,n.出口产品;出口 vt.出口
port,n.港口,避风港;港口城市
cloud-capped,a.高耸入云的,耸入云霄的
ashy,a.覆盖着灰的;灰色的
dawn,n.黎明,破晓;开端 vi.开始
volcano,n.火山
take the form of,呈现…形状;采取…形式
trunk,n.树干
unbearable,a.难耐的,无法忍受的
break out,突然开始,爆发
beyond,ad.在较远处;在另一边
distance,n.遥远,久远;距离;差异
far and wide ,到处,各处
pattern,n.图案,花样;模式;范例
column,n.柱,圆柱;柱状物;栏
rescue,n.&vt.救援,营救,抢救
sharp,a.灵敏的;锋利的;急剧的
locate,vt.找出…的准确位置
retire,vi.&vt.退休,退役
webcam,n.网络摄像头
pot,n.壶,瓶,罐;锅
emoji,n.表情符号
comic,n.连环漫画 a.滑稽的
take off,突然大受欢迎,迅速流行
frontier,n.国界,边界;尖端,边缘
billion,n.十亿
obviously,ad.显然,明显地
access,n.机会,权利 vt.到达,进入
extent,n.程度,限度;范围
to a certain extent,在一定程度上
at one's fingertips,掌握(信息),熟悉精通(知识)
click,n.点击,单击 v.发出咔哒声
button,n.按钮;纽扣
recipe,n.食谱;方法,秘诀
military,a.军事的,军队的
affair,n.公共事务,政治事务;事件
bring up,显示在电脑屏幕上,调出
majority,n.大部分,大多数;多数票
goods,n.商品,货品;私人财产
commerce,n.商务;商业;贸易
deliver,vt.递送,传送;发表,宣布
site,n.网站,站点;地点;现场
boot,n.靴子
arrangement,n.安排;布置;约定;排列
cash,n.现金;金钱,资金
above all else,最重要的是,尤其是
establish,vt.建立(关系或联系);设立
software,n.软件
instant,a.立即的;方便的 n.瞬间
comment,n.议论;批评 v.表达意见
aware,a.知道,意识到;察觉到
surf,v.(互联网)冲浪,浏览
guideline,n.准则,指导方针;参考
remove,vt.删除;移走;开除
file,n.文件;文件夹;档案
belong to,属于,归…所有
ballet,n.芭蕾舞;芭蕾舞剧
set up,创建,建立
request,vt.要求,请求 n.要求,请求
technical,a.技术的,技能的;专业的
upload,vt.上载,上传
download,vt.下载
percentage,n.百分率,百分比;提成
entertainment,n.娱乐活动; 招待,娱乐
mobile,a.可移动的 n.手机
device,n.设备,仪器;手段,技巧
addict,n.对…入迷的人;瘾君子
be glued to sth.,全神贯注看着某物
Wi-Fi,n.无线网络
battery,n.电池
quit,v.停止,戒掉;离开
shoot past,飞驰而过
knock sb. off one's feet,撞倒某人,使某人双脚离地
scary,a.恐怖的,吓人的
somehow,ad.不知怎地;以某种方式
be lost in,全神贯注,沉浸于
journal,n.日记;报纸,杂志
reveal,vt.展示,显出;揭示,透露
appreciate,vt.欣赏,赏识;感谢
wide-ranging,a.覆盖面广的,内容广泛的
opera,n.歌剧;歌剧院
badminton,n.羽毛球运动
cut back on,减少,削减
republic,n.共和国,共和政体
malaria,n.疟疾
deadly,a.致命的;十足的,彻底的
survival,n.生存,存活;残存物
province,n.省,省份
broad,a.广泛的;宽阔的,广阔的
intend,vi.&vt.想要,计划;意指
extract,n.提取物;选录 vt.提取
herb,n.药草,香草;草本
refer to,查阅,参考;提到,谈及
experiment,n.实验;尝试 vi.做试验
trial,n.试用,试验;审讯 v.测试
limited,a.有限的
household,a.家庭的,家用的 n.一家人
container,n.容器;集装箱,货柜
postpone,vt.延迟,延期
sufficient,a.足够的,充足的
data,n.数据,资料,材料
speed up,(使)加速
pay off,成功,奏效,达到目的
error,n.错误,差错
through trial and error,反复试验
wisdom,n.智慧,知识,学问;才智
beneficial,a.有益的,有用的
conduct,v.组织,实施;指挥;引导
illustrate,vt.说明,解释;加插图于
penicillin,n.青霉素,盘尼西林
mould,n.霉菌;模具 vt.浇铸;塑造
bacteria,n.细菌
surround,vt.围绕,环绕;包围
indicate,vt.表明;暗示;提及;指出
accident,n.意外,偶然的事;事故
by accident,偶然,意外地
intelligent,a.有才智的,聪明的
favour,vt.较喜欢;偏袒 n.帮助
politician,n.政治家,从政者
lightning,n.闪电
electricity,n.电,电能
theory,n.学说,论;原理;看法
thunderstorm,n.雷雨,雷暴
ribbon,n.带子,丝带;带状物
metal,n.金属
charge,v.充电;收费 n.收费;控告
electric,a.电的,发电的,电动的
bang,n.突然的巨响;猛敲 v.砸
with a bang,很成功;引人注目
standout,a.突出的 n.突出的人(物)
atomic,a.原子的;原子能的
bomb,n.炸弹;核武器 vt.轰炸
evil,n.罪恶;害处 a.恶毒的
involve,vt.牵涉,影响;包含
scientific,a.科学的,关于科学的
credit,n.赞扬;信用 vt.存入金额
moral,a.道德的;道义上的 n.品行
apply,v.应用;申请;涂;有关
negate,vt.取消,使无效;否认,否定
intellectual,a.脑力的 n.知识分子
mystery,n.神秘;神秘的人(或事物)
let sb. down,使某人失望
ignorance,n.无知
as to,关于,至于
take it for granted,想当然认为,认为理所当然
freedom,n.自由
authority,n.权威;权力;官方
permit,v.允许,准许 n.许可证
responsibility,n.责任,负责;职责,义务
declare,vt.表明,宣称;公布,宣布
nationality,n.国籍;民族
put forward,提出,提议,建议
evolution,n.进化;演变,发展
publish,vt.出版,发行;发表;公布
marriage,n.结婚,婚姻;已婚状态
mood,n.情绪,心情;气氛,氛围
combination,n.结合体,联合体;联合,混合
do the trick,奏效,起作用,达到目的
creamy,a.含奶油的;像奶油的
flavour,n.味,味道;特点 vt.给调味
greedily,ad.贪婪地,贪心地
gently,ad.轻柔地,温和地
dessert,n.(饭后)甜点,甜食
association,n.联想,联系;协会,社团
vary,vi.变化,变更 vt.变更,改变
link,vt.联系,相关联 n.联系
emotion,n.情感,强烈的感情,激情
saucer,n.碟状物,茶碟,茶托
vinegar,n.醋
native,n.本地人 a.出生地/本地的
salty,a.咸的,含盐的
sour,a.酸的;馊的 v.变坏;变味
cry out for,迫切需要
relieve,vt.解除,减轻;缓和,缓解
bond,n.纽带,联系;连接,结合
security,n.安全;保护措施;保安部门
generate,vt.产生,引起
calorie,n.卡,卡路里;千卡
digest,v.消化;领会 n.摘要,文摘
lower,vt.降低;把…放低 a.下面的
cycle,n.循环;自行车 vi.骑自行车
enhance,vt.提高,增强
throw oneself into,投身于,热衷于
boil,vt.&vi用沸水煮;(使)沸腾
fry,vt.&vi.油炸,油煎
steak,n.牛排;肉排,肉块
pan,n.平锅,平底锅
impress,v.使钦佩,给…留深刻印象
buffet,n.自助餐
bay,n.(海或湖的)湾
scenery,n.风景,景色;舞台布景
bet,n.打赌,赌注;预计 v.下赌注
atmosphere,n.气氛,氛围;大气;气体
out of this world,好得不得了,非凡,呱呱叫
version,n.变体,变种;说法;版本
filling,n.(糕点等的)馅
elderly,a.年纪较大的,上了年纪的
bake,vt.&vi.烘烤;烤硬
flour,n.面粉
adorable,a.可爱的,讨人喜爱的
mild,a.不浓的,淡味的;暖和的
tiramisu,n.提拉米苏
bakery,n.面包(糕饼)店
layer,n.层,表层;层次
cheese,n.干酪,奶酪
bitter,a.味苦的;激烈的;难过的
cream,n.奶油,乳脂;护肤箱
ingredient,n.材料,成分;因素,要素
loose,a.不受约束的;未固定牢的
let sth. loose,释放;放任
chilli,n.辣椒
pepper,n.甜椒;胡椒粉
Sichuan pepper,花椒
onion,n.洋葱,葱头
spring onion,小葱,香葱
damp,a.潮湿的,湿气重的
foggy,a.有雾的,雾茫茫的
dynasty,n.朝,代;王朝
expand,v.增加,扩大;扩展,发展
multiple,a.数量多的,多样的
sauce,n.调味汁,酱
plain,a.朴素的,简单的 n.平原
slice,n.薄片,片 vt.把切成片
chef,n.主厨,厨师
property,n.性质,特性;所有物,财产
appropriate,a.合适的
estimate,vt.估计,估价 n.估计
consume,vt.吃,喝,饮;消耗,耗费
hit the spot,使人满意,正合需要
Cantonese,a.&n.广东人(的),粵语(的)
dim sum,n.点心
essential,a.必不可少的;本质的
innovation,n.创造,创新;新思想,新方法
concept,n.概念,观念
stimulate,vt.促进,激发;刺激,使兴奋
appetite,n.食欲,胃口;强烈欲望
delicate,a.精致的,精细的,精密的
emphasis,n.强调,重视;重读
steam,v.蒸;散发蒸汽 n.水蒸气
gram,n.克
cabbage,n.甘蓝,卷心菜
wrapper,n.(食品等)包装材料,包装纸
mixture,n.混合物;混合,结合
edge,n.边,边缘;刀口
apart,ad.成碎片;分开;相隔
fall apart,破碎,破裂;崩溃
Austrian,a.奥地利的,奥地利人的
composer,n.作曲家,作曲者
symphony,n.交响乐,交响曲
concerto,n.协奏曲
Polish,a.波兰(人/语)的
compose,vt.&vi.作曲;组成;撰写
deserve,vt.值得,应得
tear apart,使(关系密切的人)分离,分开
pleasant,a.令人愉快的,可喜的
whisper,v.耳语,低语 n.低语;传言
dramatic,a.激动人心的,引人注目的
weep,v.哭泣,流泪
overcome,vt.受到…的极大影响;克服
sorrow,n.悲伤,悲痛;伤心事
grave,n.坟墓;死亡 a.严重的
transform,vi.&vt.(使)变形,(使)改观
forever,ad.永远;长久地;老是
combine,v.使融合;使结合,使混合
rely on,依赖,依靠;信任
blues,n.布鲁斯音乐,蓝调;忧郁
folk,a.民间的 n.民间音乐
tune,n.曲调,曲子 vt.调音
lyric,n.歌词;抒情诗 a.抒情的
throw in,奉送,额外赠送
for good measure,作为额外增添
rural,a.乡村的,农村的
surroundings,n.周围,环境
heaven,n.极乐之地
brecze,n.微风,和风
guarantee,v.&n.保证,担保;确保
jazz,n.爵士乐
arch,n.拱门;拱
adaptation,n.改编本,改写本;适应
communist,a.共产主义的 n.共产主义者
invader,n.武装入侵的军队,侵略者
consist of,由…组成(或构成)
defend,v.保护,防御;辩白,辩解
solo,n.独奏,独唱 a.独自的
flow,vi.&n.流,流动;充满
spacecraft,n.航天(飞行)器,宇宙飞船
solar,a.太阳的;太阳能的
greet,vt.问候,欢迎,招呼
get down to doing sth.,开始做某事,开始注意某事
suitable,a.合适的,适宜的,适当的
recording,n.录音,视频;录制;记录
distant,a.遥远的,远处的,久远的
volume,n.音量,响度;体积,容积
stare,vi.盯着看,凝视 n.盯,凝视
breath,n.呼吸的空气;微量,迹象
unusual,a.特别的,不寻常的;独特的
grab,v.吸引;抓住;赶紧,抓紧
sweep,v.席卷,横扫 n.打扫,清扫
disc,n.唱片;光碟,光盘;圆盘
complicated,a.复杂的,难懂的
lane,n.(乡间)小路;小巷;车道
accompany,vt.陪同,陪伴;伴随
expectation,n.希望,盼望;预料,预期
remarkable,a.非凡的,奇异的,显著的
stream,v.鱼贯而行,流 n.小溪;人流
enthusiastic,a.热情的,热心的
handkerchief,n.手帕,纸巾
vast,a.大量的,辽阔的,巨大的
gifted,a.有才华的,有天赋的
reputation,n.名誉,名声
brilliant,a.聪颖的,艺高的;巧妙的
prediction,n.预言,预测
extraordinary,a.不寻常的,非凡的
depress,v.使抑郁,使沮丧;使萧条
upset,a.难过的,失望的 v使烦恼
possess,vt.具有(特质);拥有;支配
abandon,vt.中止,放弃,不再有;抛弃
all of a sudden,突然,猛地
orchestra,n.管弦乐队
desperate,a.绝望的;不惜冒险的
uplifting,a.令人振奋的,鼓舞人心的
ease,n.容易,轻易 v.宽慰,减轻
genius,n.天赋,天资;天才
variation,n.变奏,变奏曲;变化,变更
chorus,n.合唱曲;副歌;合唱团
grand,a.宏大的,宏伟的;壮丽的
finale,n.末乐章,终场,结局;结尾
rhythm,n.节奏,韵律,律动;规律
portrait,n.肖像,半身画像;详细描述
landscape,n.乡村风景画;风景,景色
wander,v.闲逛,漫步;走失;走神
gallery,n.展览馆,画廊;长廊,走廊
decade,n.十年,十年期
mostly,ad.主要地,一般地
pond,n.池塘,水池
canvas,n.画布,油画;帆布
neighbourhood,n.街区,城区;邻近的地方
strike,v.突然想到;撞;打 n.罢工
setting,n.环境,背景;情节背景
like-minded,a.想法相同的,志趣相投的
liberation,n.解放,摆脱
opposed,a.截然不同的;强烈反对的
as opposed to,(表示对比)而,相对于
dominate,v.在…中有重要特色;支配
employ,vt.运用,使用;雇用
brushwork,n.(画家的)笔触,画法
realistic,a.逼真的,如生的;现实的
essence,n.本质,精髓;香精,精油
vivid,a.鲜明的,耀眼的;生动的
vision,n.远见卓识;视力,视野;想象
display,vt.陈列,展出 n.陈列,展览
worthy,a.值得…的;值得尊敬的
calling,n.职业,事业;使命感
shade,n.阴影部分;色度;阴谅处
bathe,vt.以(光线)洒满,覆盖
pixel,n.像素
wage,vt.开始,发动 n.工资,工钱
campaign,n.活动;战役 v.发起运动
architecture,n.建筑设计,建筑风格
toast,n.吐司,烤面包片 v.干杯
garlic,n.蒜,大蒜
mushroom,n.蘑菇
arrange,v.整理,布置;安排,筹备
raw,a.未经加工的,自然状态的
scroll,n.长卷纸,卷轴
insight,n.洞悉,了解;洞察力,领悟
crop,n.庄稼,作物;收成,产量
wind,v.蜿蜒,迂回,上发条;缠绕
sail,v.(乘船)航行;起航 n.帆
civilian,n.平民,老百姓,庶民
all walks of life,各行各业,社会各界
butcher,n.肉贩,屠夫
go about sth.,忙于做某事,继续做某事
apparent,a.显而易见,明白易懂,显然
ink,n.墨水,墨汁
perspective,n.透视法;态度,观点
precise,a.细致的,精细的;准确的
ambitious,a.宏大的,艰巨的有野心的
enormous,a.巨大的,庞大的
comprehensive,a.全而的,详尽的;综合性的
clothing,n.衣服,服装
temple,n.庙宇,寺院
structure,n.建筑物;结构,构造
overall,a.全面的,综合的 ad.全部
critic,n.批评家,评论家;批评者
inspection,n.检查,查看,审视;视察
expose,vt.揭露,揭穿;暴露,显露
political,a.政治的,政府的,政权的
soldier,n.军人,士兵
crisis,n.危机,危急关头;危难时刻
decline,n.&v.衰退,衰落,减少,下降
overthrow,vt.&n.推翻,打倒
be down to,由…引起(或造成)
scale,n.规模;等级;标度;比例
emperor,n.皇帝
in one's own right,凭自身的资格(或努力)
outstanding,a.优秀的,杰出的;突出的
exhibition,n.展览,展出
rare,a.稀少的,罕见的;稀罕的
speak volumes about,充分说明,清楚表明
historic,a.历史上著名的;有史时期的
career,n.经历,事业;生涯,职业
barren,a.贫瘠的,不毛的;不结果的
frozen,a.结冰的,冰封的;冷冻的
imply,vt.含有…的意思,暗示
dimension,n.方面,侧面;规模,程度
grasp,n.&vt,理解,领会;抓紧,握紧
detect,vt.发现,查明,侦察出
rhyme,n.押韵词 v.押韵;和…同韵
complex,a.复杂的,难懂的 n.建筑群
contradictory,a.相互矛盾的,对立的
dig up,发现,搜集,查明
clue,n.线索,提示;迹象
cage,vt.把…关在笼中 n.笼子
trill,n.(鸟)啼啭;颤音 v.发颤音
interpret,v.解释,阐释;把…理解为
patience,n.耐心,忍耐力
aside,ad.到旁边,在旁边;留,存
set sth. aside,把…放一边;留出
remote,a.偏远的,偏僻的;遥远的
reward,vt.奖励,奖赏 n.奖励,回报
constantly,ad.始终,一直
logical,a.符合逻辑的;必然的
inner,a.内心的,隐藏的;里面的
perceive,vt.注意到,意识到
reality,n.现实,实际情况;事实
mist,n.薄雾,水汽
novelist,n.小说家
break with sth.,与某事终止关联,破除
ideal,n.理想;典范 a.完美的
rigid,a.死板的,僵硬的;固执的
undergo,vt.经历,经受
industrialization,n.工业化
advocate,vt.拥护,支持 n.拥护者
belief,n.看法,信念;信仰;相信
era,n.时代,年代
district,n.区,行政区;地区,区域
diverge,vi.分叉,岔开;分歧,相异
bend,v.&n.拐弯,弯曲;弯道
claim,n.声明,宣称 v.宣称,声称
tread,v.踩,踏;踩碎,践踏;行走
sigh,n.&vi.叹气,叹息
hence,ad.因此,出此
dare,v.敢于,胆敢;激某人做某事
dweller,n.居民,居住者
striking,a.引人注目的;妩媚动人的
characterize,vt.是…的特征,以…为典型
Confucianism,n.儒家,儒学,孔子学说
Taoism,n.道教,道家
legend,n.传说,传奇故事;传奇人物
encounter,vt.偶然碰到,意外地遇见
nourish,vt.培养,助长;抚养,滋养
numerous,a.众多的,许多的
glorious,a.荣耀的,光荣的;壮丽的
boom,n.激增,繁荣 vi.迅速发展
stability,n.稳定(性),稳固(性)
tolerant,a.宽容的,容忍的;能耐…的
liberty,n.自由
unconstrained,a.不受约束的,自由的
vitality,n.生命力,活力,热情
distinguish,v.成为…特征,使有别于
exaggeration,n.夸张,夸大
metaphor,n.暗喻,隐喻
representative,a.典型的 n.典型人物
frost,n.霜;霜冻,严寒天气
cast,v.投射 n.全体演员;投,拋
owe,vt.欠(情);欠(债)
debt,n.人情债,情义,恩情;借款
fascinate,vt.&vi.深深吸引,迷住
entitle,vt.给…命名;使享有权利
blame,vt.把…归咎于 n.责任,责备
allowance,n.津贴,补助;限额;零花钱
make allowance for,体谅;考虑到,估计到
triumph,n.巨大成功 vi.打败,战胜
impostor,n.冒名顶替者,冒名行骗者
unforgiving,a.棘手的;不饶人的
cave,n.山洞,洞穴
Buddhist,a.佛教的 n.佛教徒
expansion,n.扩展,扩大,膨胀
initiative,n.倡议,新方案;主动性
milestone,n.重要阶段,里程碑
equator,n.赤道
showcase,n.展示的场合;玻璃柜台
elsewhere,ad.在 别处
entry,n.进入;参与,加入;参赛
fee,n.费;报酬
ban,vt.明令禁止,取缔 n.禁令
barely,adv. 刚好;仅仅,勉强可能;几乎不;刚才 
cigar,n. 雪茄烟* 
appointment,n. 约定,约会;任命,委任;职务 
tear down ,拆毁,拆除
keen,adj. 灵敏的,敏锐的;渴望,热切,热衷于* 
jaw,n. 下巴;颌 
scar,n. 伤疤; 创伤;污点* 
eyebrow,n. 眉毛* 
scarfpin,n. 围巾夹,领带别针* 
diamond,n. 钻石 
make one’s fortune ,发财 
lose contact ,失去联系 
reliable,adj. 可信赖的,可依靠的;真实可信的,可靠的 
worthwhile,adj. 值得花时间 ,重要的,令人愉快的 
collar,n. 衣领;颈圈;圈,箍 
bless,vt.  ;祝福 
inch,n. 英寸;少量,短距离 
arm in arm ,臂挽着臂 
outline,vt. 概述,略述n. 概述;轮廓线,略图 
suspect,vt.&vi. 疑有,觉得 
wire,vt. 给 打电报;接通 . n. 金属丝;电线;铁丝网 
criminal,n. 罪犯adj. 犯法的,犯罪的;刑事的;不道德的 
anyhow,adv. 不过,总之;尽管;而且;随便地 
innocent,adj. 无辜的,清白的,无罪的;天真无邪的. n. 无辜者,单纯的人 
legal,adj. 合法的;法律的 
principle,n. 道德原则;法则;信条 
decent,adj. 正派的,合乎礼节的;得休的活当的 
decent,adj. 正派的,合乎礼节的;得体的,适当的 
burden,n.  重担,负担* 
geophysicist,n. 地球物理学家 
core,adj. 核心的;最重要的. n. 核心,最重要的部分 
socialist,adj. 社会主义的n. 社会主义者 
resign,vt.&vi. 辞职,辞去 
ward,n. 病房 
substantial,adj. 大量的,价值巨大的;结实的,牢固的 
mineral,n. 矿物,矿物质 
superb,adj. 极佳的,卓越的,质量极高的 
photographer,n. 摄影师,拍照者 
guilty,adj. 感到内疚的,感到惭愧的;有罪的,有过失的 
ashAmEd,adj. 惭愧,羞愧,尴尬 
forgive,vt.&vi.  原谅,宽恕;免除  
cheat,vt. 欺骗,蒙骗vi. 作弊,舞弊 
wrap,vt. 包,裹;用··缠绕n. 披肩,围巾;包裹材料 
parcel,n. 包裹,小包;一块地vt. 裹好,打包 
bow,n. 蝴蝶结;弓. /ba?/vi. 鞠躬;低  
nephew,n. 侄子,外甥 
disappointed,adj. 失望的,沮丧的 
wrinkle,n. 皱纹;褶皱,皱痕. vt.&vi.  起皱纹,皱起 
pause,vi. 停顿,暂停. n. 停顿,停顿的时间* 
sew,vi.&vt.  缝,做针线活;缝上 
pretend,vi.&vt. 假装;装扮,扮作;自诩,自认为 
privilege,n. 荣幸;特殊利益vt. 给予特权,特别优待* 
embrace,vt.&vi. 欣然接受;包含;拥抱* 
phase,n. 阶段,时期 
anchor,n. 锚;给以安全感的人 . vi.&vt. 抛锚;使固定* 
mercy,n. 仁慈,宽恕 
at the mercy of sb. /sth., 任···处置,对···无能为力 
likewise,adv. 同样地;也,而且 
deadline,n. 最后期限,截止日期 
guidance,n. 指导;导航 
fault,n. 过错,责任;弱点,缺点 
virtue,n. 美德;正直的品性;优点 
integrity,n. 诚实正直;完整,完好 
organic,adj. 有机的,统一的;绿色的,不使用化肥的;生物的 
starfish,n. 海星,星鱼 
discouraged,adj. 灰心的 
garbage,n. 垃圾;废话 
saving,n. 节省物,节省;储蓄金 
bonus,n. 意外收获;奖金,红利 
weigh on sb. /sth. ,使焦虑不安,加重···的思想负担 
jade,n. 玉,碧玉* 
sow,vt.&vi.  播种,种 
harvest,n. 收成,收获量;收获季节,收割. vt.&vi. 收割,捕猎 
rejoice,vi.&vt. 非常高兴,深感欣喜* 
quote,n. 引语vt.&vi. 引用,引述;举例说明 
react,vi.  作出反应;有不良反应,过敏;起化学反应 
gentle,adj. 温柔的;温和的;柔和的 
encode,vt. 把…编码;把…译成电码 * 
mail,n. 电子邮件;邮政;邮件 
decode,vt. 解 ,破译 * 
feedback,n. 反馈的意见  
competent,adj. 足以胜任的,有能力的,称职的 
obtain,vt. 获得,赢得 
suit,vt. 满足需要;相配,合身. n. 套装,西装,西服 
negotiate,vi.&vt. 谈判;商定,达成  
enterprise,n. 公司,企业;规划,事业 
straightforward,adj. 坦诚的;简单的 
fold,vt. 折叠,对折;包,裹n. 褶,褶层,折叠部分 
friction,n. 争执;摩擦;摩擦力 
clarify,vt. 使更清晰易懂,阐明 
knowledgeable,adj. 博学的,有见识的 
empathy,n. 同感,共鸣,同情* 
put yourself in sb’s shoes,处于某人的境地,设身处地 
sympathy,n. 同情;赞同 
account for sth. ,是…的说明 ; 占 
empathize,vi. 有同感,产生共鸣* 
approve,vi.&vt. 赞成;批准,通过  
approve of ,赞成,赞同 
tone,n. 语气,腔调;风格,特色 
gain,vt.&vi. 获得;增进,增长; 受益. n. 好处,利益 
gesture,n. 手势,姿势;姿态,表示. vi.&vt. 做手势,用手势表示* 
precisely,adv. 准确地,恰好地;细心地;正是,确实 
vocabulary,n. 词汇,词汇量 
preference,n. 偏爱;偏爱的事物 
jam,n. 果酱;拥挤,堵塞 
somewhat,adv. 有点,有几分,稍微 
taboo,n. 禁忌,忌讳;禁止,避讳* 
embarrassed,adj. 窘迫的,尴尬的;拮据的 
intention,n. 意图,计划 
correspond,vi. 类似于;相一致,符合;通信 
behave,vi.&vt. 表现得体,有礼貌;表现 
tolerate,vt. 容许,允许;忍受,容忍;能经受 
kindergarten,n. 学前班;幼儿园 
recite,vt. 吟诵;列举 
accent,n. 口音,腔调;重音;着重点,强调 
handwriting,n. 手写,书写;笔迹,书法 
fluent,adj.  流利的,熟练的 
cooperate,vi. 合作,协作;协助,配合 
cite,vt. 提及,列举;引用,引述 
broaden one’s mind ,拓展视野,开阔眼界 
tofu,n. 豆腐 
bacon,n. 咸猪肉,熏猪肉 
tank,n. 坦克; 罐 
golf,n. 高尔夫球运动 
integrate,vt.&vi.  合并; 加入 
bilingual,adj. 会说两种语言的;用两种语言 的* 
kung fu,n. 功夫* 
oppose,vt. 反对,抵制;与…对垒 
intervention,n. 干涉行为,干预 
pure,adj. 纯净的;完全的 
tribe,n. 部落* 
reject,vt. 拒绝接受,不予考虑;不录用;排斥,排异 
pessimistic,adj. 悲观的,悲观主义的 
Germanic,adj. 日耳曼语的;德国的* 
linguist,n. 语言学家;通晓数国语言的人 
tendency,n. 趋势,趋向;倾向,偏好 
skateboard,n. 滑板 
canteen,n. 食堂,餐厅 
sincerely,adv. 真诚地,诚实地 
slip,vi. 滑倒;滑落;溜;陷入. n. 差错;纸条;滑跤 
fence,n. 栅栏,篱笆 
contest,n. 比赛,竞赛;争夺,竞争. vt. 争取赢得;争辩,就…提出异议 
salary,n. 薪金,薪水 
labour,  n. 劳工;劳动, 体力劳动;分娩期,分娩. vi. 努力做;干苦力活 
labour force,  劳动力 
gear,vt. 使适合于n. 排挡,齿轮,传动装置 
earn a living ,谋生 
attain,vt. 获得,达到 
endeavour, vi. 努力,尽力. n. 努力,尝试* 
passion,n. 酷爱;强烈情感 
fond,adj. 喜爱 
be fond of, 喜爱 
anticipate,vt. 预料;预计 
status quo,现状,原来的状况* 
superior,adj. 更好的,占优势的. n. 级别 更高的人 
prejudice,n. 偏见,成见 
lawyer,n. 律师 
servant,n. 雇员,职员;仆人 
public servant ,公务员,公仆 
consultant,n. 顾问;会诊医师 
clerk,n. 职员,簿记员,文书 
receptionist,n. 接待员 
respective,adj. 分别的,各自的 
zone,n. 地区;区城 
comfort zone ,舒适区,放松区 
operate,vt. 操作,使运行. vi. 运转,工作;经营,营业 
hire,vt.&vi. 聘用,雇用;租用. n. 新雇员;租借 
leadership,n. 领导应有的品质;领导地位 
weigh up ,权衡,斟酌 
receipt,n. 收到的款项,收入;收据 
commercial,adj. 商业的,贸易的;盈利的;商业性的 
weekly,adj. 每周的. adv. 每周地. n. 周报,周刊 
monthly,adj. 每月的. adv. 每个月. n. 月刊 
budget,n. 预算 
put sth on the line ,让···处于危险之中 
loan,n. 贷款,借款;借出. vt. 借出,货与  
client,n. 客户,委托人 
detective,n. 侦探,警探 
detective work ,调查工作,研究工作 
subjective,adj. 主观的 
directory,n. 名录,电话号码簿,公司名录 
plug,vt. 补足,供给;堵塞,封堵. n. 插头;插座 
groundwork,n. 基础工作,准备工作 
premier,adj. 最著名的,最成功的,第一的. n. 首相,总理 
institute,n. 机构,机构建筑. vt. 建立,制定  
proportion,n. 正确的比例;部分,份额;比例;体积,面积 
fabric,n. 织物,布料 
fibre,n.  纤维制品;纤维素;纤维 
qualification,n. 资格、资历;学历;合格,达到标准 
swing,vi.&vt.   改变; 摆动,摇摆. n. 改变;摆动;秋千 
swing into action ,立即行动起来,马上大干起来 
label,n. 标签, 称谓. vt. 贴标签于; 把···称为 
candidate,n. 候选人;应试者,被认定适合者 
gain the upper hand ,处于有利地位,有优势 
applicant,n. 申请人 
prior,adj. 在前的;优先的,占先的 
prior to ,在···之前 
profile,n. 概述;形象,侧面轮廓. vt. 概述,写简介 
criterion,n.  标准,准则 
concisely,adv 简明地,简练地,简洁地* 
shave,n. 刮脸,剃须. vi.&vt. 剃 ,刮脸 
refreshed,adj. 恢复了精力的,精神振作的 
mode,n. 方式,风格,样式 
delay,n. 延迟的时间;延期,耽搁. vi.&vt. 延迟,延期;使迟到,使拖延 
duration,n. 持续时间,期间 
for the duration ,直到···结束,在整个···期间 
rude,adj. 粗鲁的,无礼的,粗野的 
justify,vt. 对···作出解释,为···辩解,证明···正确 
relevant,adj. 紧密相关的,切题的,有价值的,有意义的 
infer,vt. 推断,推论,推理 
convey,vt. 表达,传递;传送,运送* 
firm,adj. 强有力的,坚决的;坚固的;坚定的;牢固的. n. 商行,公司 
genuine,adj. 真诚的,可信赖的;真的,名副其实的 
yawn,vi. 打哈欠* 
seize,vt. 抓住,把握,捉住,夺;攻占;没收 
corporate,adj. 公司的,全体的,共同的 
put one’s best foot forward ,全力以赴  
rainbow,n. 虹,彩虹 
madam,n. 女士,夫人 
temporary,adj. 临时的,短暂的 
bowling,n. 保龄球运动 
tournAmEnt,n. 锦标赛 
auditory,adj. 听的,听觉的 
verbal,adj. 口头的;言语的,文字的* 
blank,adj. 空白的. n. 空白处,空格 
composition,n. 构图;构成,成分;作品;作曲艺术 
educator,n. 教育家;教育工作者 
Confucius,n. 孔子 
bound,adj. 一定会,很可能会;有义务  
be bound to ,一定会,很可能会 
keep pace with sb/sth ,与···步调一致,与···并驾齐驱 
resolve,vt.&vi. 解决;表决;决心,决定. n. 决心,坚定的信念 
refresh,vt. 使变新;使恢复精力;使想起 
objective,adj. 客观的;客观存在的;宾格的n. 目标,目的 
criticize,vt.&vi.  批评,批判,挑剔,指责;评价 
inquire,vi.&vt. 询问,打听 
register,vi.&vt. 登记,注册. n. 语体风格,语域;登记表 
subscribe,vi. 订阅;定期订购  
subscribe to ,订阅,定期订购 ;同意,赞成 
concrete,adj. 确实的,具体的;有形的,实在的. n. 混凝土 
comprehension,n. 理解力,领悟能力;理解练习 
cease,vi. &vt.  停止,终止,结束 
self-worth,n. 自我价值感  
inductive,adj. 归纳的,归纳法的 
reasoning,n. 推理,理性的观点,论证 
abstract,adj. 抽象的,纯理论的. vt. /?b?str?kt/把···抽象出,提取 
swan,n. 天鹅* 
assumption,n. 假定,假设 
domain,n. /do??me?n/领域,范围;领土;域 
vocational,adj. 职业的,业务知识的* 
occupation,n. 工作,职业;消遣;侵占,占领期;使用 
qualify,vt. 使合格,使具备资格. vi. 取得资格 ,合格 
prospect,n. 成功的机会,前景;可能性 
motor,adj. 机动车的,汽车的. n. 发动机,马达 
institution,n. 机构;风俗习惯,制度 
drill,vt.&vi. 培训,训练;钻 . n. 练习,训练;钻,钻头 
circuit,n. 电路,线路;环行;赛车道 
competence,n. 能力,胜任 
recreation,n. 娱乐,消遣 
lamp,n. 灯 
random,adj. 随机的;辨认不出的,不合常理的 
statistic,n. 统计数字,统计资料 
tablet,n. 平板电脑;药片 
certificate,n. 文凭,结业证书;证明,证明书 
breast,n. 胸部,胸脯 
curtain,n. 幕,帷幕;窗帘;帘,幔;覆盖物 
in a flash ,转瞬间,立即 
tight,adv. 紧紧地,牢固地. adj. 牢固的;严格的;密集的;亲密的 
mature,adj. 明白事理的,成熟的. vi. 成熟,长成;有判断力 
compose oneself ,使自己镇定下来 
dormitory,n. 学生宿舍,集体宿舍 
circus,n. 热闹场面;马戏团 
essay,n. 文章,短文 
geometry,n. 几何 ;几何形状 
paragraph,n. 段,段落 
laptop,n. 笔记本电脑,便携式电脑 
dizzy,adj. 头晕目眩的;使人眩晕的 
sneeze,vi. 打喷嚏. n. 喷嚏,喷嚏声 
reference,n. 参考;提到;推荐信. vt. 查阅,参考 
draft,n. 草稿,草案,草图. vt. 起草,草拟 
polish,vt.&vi. 修改,润饰;擦光,磨光. n. 抛光,上光;完美,娴熟,精湛 
drawer,n. 抽屉 
presentation,n. 幻灯片演示;提交,授予;展示会;演出 
cafeteria,n. 自助餐厅,自助食堂 
bounce,vt.  试探地透露 . vi. 跳动. n. 弹跳;活力 
bounce ideas off sb ,向某人试探地透露主意 
professor,n. 教授;讲师,教员 
beard,n. 胡须,络腮胡子 
intimidating,adj. 吓人的,令人胆怯的* 
carriage,n.  客车厢; 四轮马车 
kettle,n. 壶,水壶 
librarian,n. 图书管理员,图书馆馆长 
forehead,n. 额,前额 
extension,n.  进修部,进修课,扩大,延伸 
